Username,Pin
soban,1234
pyui8v,42322
pyu951,42323
pyu1jf,42324
pytm46,42325
pytfx3,42326
pysprr,42327
pysh29,42328
pysbp0,42329
pys0k1,42330
pyrpgn,42331
pyra1c,42332
pyr8md,42333
pyqpjn,42334
pyqmwf,42335
pyqfo2,42336
pyqdmq,42337
pyq4ya,42338
pyq1n4,42339
pypvvd,42340
pypkbi,42341
pypid9,42342
pypgzk,42343
pyp9o9,42344
pyp7qf,42345
pyp5in,42346
pyp1bp,42347
pyp12f,42348
pyoyug,42349
pyoym0,42350
pyowen,42351
pyovj7,42352
pyougr,42353
pyouby,42354
pyotf6,42355
pyonup,42356
pyon3s,42357
pyolvo,42358
pyolvk,42359
pyol00,42360
pyokdu,42361
pyojrs,42362
pyoi33,42363
pyofxp,42364
pyoa2m,42365
pynvlq,42366
pynsta,42367
pynsj5,42368
pynsie,42369
pynrou,42370
pynnn1,42371
pynnla,42372
pynn2q,42373
pynmgk,42374
pynlm2,42375
pyn8sv,42376
pyn8rw,42377
pyn4w1,42378
pyn4ih,42379
pyn3z5,42380
pyn34m,42381
pyn1d7,42382
pymy6t,42383
pymwy8,42384
pymw3t,42385
pymv69,42386
pymsno,42387
pymrzd,42388
pymqk8,42389
pymokk,42390
pymn7x,42391
pymn0g,42392
pymmep,42393
pymkzh,42394
pymknf,42395
pymg2a,42396
pymg09,42397
pymetp,42398
pymbhy,42399
pym9au,42400
pym92r,42401
pym8wl,42402
pym32k,42403
pym1a4,42404
pym130,42405
pylz0m,42406
pylx89,42407
pylr3h,42408
pylota,42409
pylo9l,42410
pylmdc,42411
pyll92,42412
pyljr8,42413
pylijk,42414
pylhl7,42415
pylhhv,42416
pylf4p,42417
pyla27,42418
pyl7zx,42419
pyl6wi,42420
pyl4zv,42421
pyl2p4,42422
pyl20s,42423
pyl04j,42424
pykzxt,42425
pykzi9,42426
pykwp5,42427
pykt41,42428
pyksg5,42429
pykpyu,42430
pykmzm,42431
pykcar,42432
pykacd,42433
pyk7ni,42434
pyk6ef,42435
pyk5b9,42436
pyk2nv,42437
pyk0pn,42438
pyk0km,42439
pyjzdt,42440
pyjybo,42441
pyjxyi,42442
pyjwg0,42443
pyjuon,42444
pyjuls,42445
pyjul5,42446
pyjpkf,42447
pyjp52,42448
pyj2rg,42449
pyizol,42450
pyizk8,42451
pyizeh,42452
pyiw5g,42453
pyiu70,42454
pyis16,42455
pyis0h,42456
pyiqke,42457
pyiqj0,42458
pyiqap,42459
pyiq30,42460
pyiq0d,42461
pyinjn,42462
pyijmd,42463
pyiizi,42464
pyiils,42465
pyihgf,42466
pyifp9,42467
pyiajb,42468
pyi67u,42469
pyi2io,42470
pyhwlh,42471
pyhwgp,42472
pyhunk,42473
pyht8e,42474
pyhscu,42475
pyhs59,42476
pyhr99,42477
pyhqrg,42478
pyhom8,42479
pyhnh6,42480
pyhncu,42481
pyhmy0,42482
pyhmks,42483
pyhky2,42484
pyhjxx,42485
pyhi29,42486
pyhhhj,42487
pyhgif,42488
pyhfda,42489
pyhew5,42490
pyhan0,42491
pyh6a8,42492
pyh5lf,42493
pyh4yg,42494
pyh4de,42495
pyh36i,42496
pyh2ac,42497
pyh136,42498
pygwtn,42499
pygvyk,42500
pygsoe,42501
pygrq4,42502
pygq5s,42503
pygo1k,42504
pyglin,42505
pygk6v,42506
pyghep,42507
pygg6n,42508
pygfou,42509
pygdy0,42510
pyg9vf,42511
pyg8qu,42512
pyg8dn,42513
pyg81b,42514
pyg63m,42515
pyg607,42516
pyg4x7,42517
pyg4ab,42518
pyg1ny,42519
pyg0vb,42520
pyfzim,42521
pyfutx,42522
pyftxc,42523
pyftx9,42524
pyftrd,42525
pyftdi,42526
pyfsog,42527
pyfquj,42528
pyfqg2,42529
pyfn2a,42530
pyflte,42531
pyflee,42532
pyfd9k,42533
pyfc1s,42534
pyfav4,42535
pyf9ii,42536
pyf7mz,42537
pyf6s5,42538
pyf6po,42539
pyf6cf,42540
pyf5e1,42541
pyf54j,42542
pyf33h,42543
pyf32d,42544
pyf1bv,42545
pyezdm,42546
pyewvj,42547
pyev3c,42548
pyepnk,42549
pyeogh,42550
pyengb,42551
pyejyt,42552
pyej0z,42553
pyeiru,42554
pyeidl,42555
pyeedv,42556
pyee0h,42557
pyebbj,42558
pyeaue,42559
pye9z1,42560
pye9xu,42561
pye3ww,42562
pye3oy,42563
pye2vj,42564
pye2g3,42565
pydyy6,42566
pydyu1,42567
pydy9y,42568
pydxym,42569
pydwgw,42570
pydulr,42571
pyduhd,42572
pydude,42573
pydu9t,42574
pydtw1,42575
pydtuu,42576
pydtjc,42577
pydsk2,42578
pyds69,42579
pydrvf,42580
pydpz2,42581
pydpxf,42582
pydp5j,42583
pydoty,42584
pydooa,42585
pydmeu,42586
pydl8s,42587
pydj5k,42588
pydj4u,42589
pydhd3,42590
pydhd4,42591
pydfop,42592
pydeqm,42593
pydeba,42594
pyddir,42595
pydd8i,42596
pydbsc,42597
pydbm5,42598
pyd9pr,42599
pyd8y0,42600
pyd8pk,42601
pyd5x5,42602
pyd1ns,42603
pyczzt,42604
pycxpe,42605
pycxl6,42606
pycvg6,42607
pycv29,42608
pycsmw,42609
pycrpv,42610
pycqxt,42611
pycnl9,42612
pyclpz,42613
pyckcr,42614
pych1c,42615
pycg3n,42616
pycezv,42617
pyceuk,42618
pyce9i,42619
pycdim,42620
pyccxr,42621
pyc87s,42622
pyc7id,42623
pyc6j0,42624
pyc4c0,42625
pyc2jw,42626
pyc2i5,42627
pyc1ti,42628
pyc1qc,42629
pyc130,42630
pyc0wv,42631
pybyhm,42632
pybw99,42633
pybuyl,42634
pybu58,42635
pybtam,42636
pybs47,42637
pybr5q,42638
pybr18,42639
pybolt,42640
pybo47,42641
pybmtk,42642
pybmp1,42643
pybgac,42644
pybew5,42645
pyb761,42646
pyb2uk,42647
pyb1za,42648
pyb17x,42649
pyat4s,42650
pyam18,42651
pyalks,42652
py9iwr,42653
py953p,42654
py8mu5,42655
py8l1m,42656
py8695,42657
py7ie0,42658
py7dbn,42659
py79t1,42660
py6xif,42661
py6vus,42662
py6mjb,42663
py6cfz,42664
py69fg,42665
py695p,42666
py5u5r,42667
py5sbh,42668
py5jtc,42669
py5cb1,42670
py4pwv,42671
py4k8h,42672
py3wrl,42673
py3s62,42674
py3j8a,42675
py31lr,42676
py2w46,42677
py2vti,42678
py2vo6,42679
py2roh,42680
py2kf9,42681
py2k98,42682
py2jum,42683
py2emw,42684
py2bbf,42685
py282h,42686
py24gg,42687
py22qk,42688
py1uw9,42689
py1mma,42690
py1k2c,42691
py1hx9,42692
py1hsi,42693
py1ft2,42694
py1e0q,42695
py1dbb,42696
py19ny,42697
py17pn,42698
py14b4,42699
py10hw,42700
py0z92,42701
py0xzr,42702
py0xyb,42703
py0wj1,42704
py0kjd,42705
py0cp7,42706
py050f,42707
pxzyzl,42708
pxzvyr,42709
pxztxt,42710
pxzsrc,42711
pxzr7h,42712
pxzqfi,42713
pxzqdb,42714
pxzope,42715
pxzof2,42716
pxzh5z,42717
pxzd29,42718
pxza8p,42719
pxz1px,42720
pxz1jb,42721
pxyzti,42722
pxysg2,42723
pxyl3t,42724
pxyiji,42725
pxyhhx,42726
pxyfxq,42727
pxyfb7,42728
pxyfb3,42729
pxyb5i,42730
pxy9yc,42731
pxy8tf,42732
pxy4qk,42733
pxy3ds,42734
pxy2o9,42735
pxy1ch,42736
pxxy9q,42737
pxxspv,42738
pxxqzq,42739
pxxpfd,42740
pxxp1j,42741
pxxmf7,42742
pxxi32,42743
pxxhv1,42744
pxxdy7,42745
pxx9gs,42746
pxx8lp,42747
pxx7qp,42748
pxx503,42749
pxx4or,42750
pxx2r8,42751
pxx1g8,42752
pxww65,42753
pxwuji,42754
pxwu5s,42755
pxwsx2,42756
pxwize,42757
pxwir1,42758
pxwifn,42759
pxwh6c,42760
pxwbj0,42761
pxwamt,42762
pxw9ni,42763
pxw9jb,42764
pxw6aq,42765
pxw1hp,42766
pxw0g0,42767
pxw08r,42768
pxvzg4,42769
pxvxyr,42770
pxvxga,42771
pxvuuz,42772
pxvusi,42773
pxvtfh,42774
pxvt3t,42775
pxvq94,42776
pxvlxj,42777
pxvjbb,42778
pxvj2z,42779
pxvgt1,42780
pxvg63,42781
pxvebo,42782
pxvds3,42783
pxva61,42784
pxv5kz,42785
pxv3hk,42786
pxv1va,42787
pxuxhg,42788
pxuw85,42789
pxuw3u,42790
pxusw7,42791
pxuq5k,42792
pxun6s,42793
pxun5z,42794
pxuj5w,42795
pxuilj,42796
pxuh8b,42797
pxu4ax,42798
pxu2ba,42799
pxu2ad,42800
pxu1zm,42801
pxu15x,42802
pxu11c,42803
pxu0z2,42804
pxtww9,42805
pxtux1,42806
pxtusv,42807
pxtfsw,42808
pxtf94,42809
pxtdhp,42810
pxtanv,42811
pxtaal,42812
pxt8tj,42813
pxt8f1,42814
pxt7rv,42815
pxt61e,42816
pxt59w,42817
pxt3ys,42818
pxt3rq,42819
pxt32y,42820
pxt16u,42821
pxt15x,42822
pxt0vj,42823
pxt0mb,42824
pxt01w,42825
pxszp8,42826
pxsz5r,42827
pxsz35,42828
pxsysm,42829
pxsxne,42830
pxswa4,42831
pxsvw1,42832
pxsvqe,42833
pxsvka,42834
pxsswj,42835
pxsrzi,42836
pxsrm4,42837
pxsqo8,42838
pxsqb2,42839
pxspx4,42840
pxspqe,42841
pxsp0j,42842
pxso2v,42843
pxsnw4,42844
pxsn6x,42845
pxsmap,42846
pxsk2r,42847
pxsjxy,42848
pxsj65,42849
pxsidq,42850
pxsi4c,42851
pxsh4m,42852
pxsgvv,42853
pxsftx,42854
pxsew4,42855
pxsdxu,42856
pxsccx,42857
pxs99z,42858
pxs7fr,42859
pxs3gd,42860
pxs34o,42861
pxs34g,42862
pxs1vl,42863
pxrzrf,42864
pxrzqq,42865
pxry88,42866
pxrxw5,42867
pxrxr4,42868
pxrwxe,42869
pxrwea,42870
pxrwa5,42871
pxruyd,42872
pxruyb,42873
pxrusl,42874
pxru9t,42875
pxrqp9,42876
pxrpze,42877
pxrodw,42878
pxro0b,42879
pxrmlz,42880
pxrlls,42881
pxrlgw,42882
pxrjnl,42883
pxriic,42884
pxrg4t,42885
pxrfxh,42886
pxreo8,42887
pxrd33,42888
pxrarv,42889
pxr9kr,42890
pxr7zi,42891
pxr5yz,42892
pxr5av,42893
pxqyqp,42894
pxqs00,42895
pxqr7u,42896
pxqqir,42897
pxqqa0,42898
pxqoyx,42899
pxqlbl,42900
pxqkr8,42901
pxqj41,42902
pxqiuq,42903
pxqfbl,42904
pxqdia,42905
pxqczr,42906
pxqal7,42907
pxq6gw,42908
pxq4eo,42909
pxq36b,42910
pxq1zs,42911
pxq07b,42912
pxpzmj,42913
pxpzei,42914
pxpxo4,42915
pxpvf2,42916
pxpu99,42917
pxpszy,42918
pxpqlk,42919
pxpmre,42920
pxpjwe,42921
pxpebv,42922
pxp9l8,42923
pxp96d,42924
pxp7mc,42925
pxp6fs,42926
pxp2ub,42927
pxp0kd,42928
pxp0i7,42929
pxoxhk,42930
pxouy3,42931
pxoujw,42932
pxoo8i,42933
pxom0q,42934
pxokrl,42935
pxojp5,42936
pxojhg,42937
pxojag,42938
pxohj0,42939
pxodhb,42940
pxobgq,42941
pxoaac,42942
pxo9pz,42943
pxo8dj,42944
pxo8bv,42945
pxo3yw,42946
pxo29z,42947
pxnz9t,42948
pxnxu5,42949
pxnx6g,42950
pxnsye,42951
pxnq6m,42952
pxnn1b,42953
pxnksp,42954
pxnjvn,42955
pxnjfm,42956
pxnj1o,42957
pxng4l,42958
pxna2c,42959
pxn7im,42960
pxn77l,42961
pxn5kx,42962
pxn4vn,42963
pxn3uo,42964
pxn22p,42965
pxn0sx,42966
pxn04x,42967
pxmzui,42968
pxmuam,42969
pxmsjf,42970
pxmo9n,42971
pxmo3o,42972
pxmh7o,42973
pxmg08,42974
pxmasn,42975
pxm1oi,42976
pxm07x,42977
pxlx3q,42978
pxlkqc,42979
pxlipi,42980
pxlh3h,42981
pxlfdk,42982
pxleab,42983
pxkwey,42984
pxku6p,42985
pxk7f2,42986
pxjqbf,42987
pxjigu,42988
pxhrbm,42989
pxh1mg,42990
pxgp3k,42991
pxgj24,42992
pxgfqv,42993
pxgc4y,42994
pxg09k,42995
pxf1ib,42996
pxf1c4,42997
pxeuqv,42998
pxel8t,42999
pxegsm,43000
pxeeho,43001
pxecil,43002
pxe7qm,43003
pxe4ln,43004
pxe4cv,43005
pxe3zi,43006
pxe3et,43007
pxe0pd,43008
pxe00e,43009
pxdwcj,43010
pxdtwc,43011
pxdt8k,43012
pxdi2w,43013
pxdgtk,43014
pxdeci,43015
pxddpk,43016
pxddpd,43017
pxdd80,43018
pxd5kk,43019
pxd30r,43020
pxd2kp,43021
pxd1ee,43022
pxd16s,43023
pxcw0n,43024
pxcsk4,43025
pxcpyy,43026
pxcohy,43027
pxclig,43028
pxck5p,43029
pxchgu,43030
pxcg1t,43031
pxcfql,43032
pxc37c,43033
pxc10d,43034
pxc0zz,43035
pxbyrw,43036
pxbwm7,43037
pxbsr9,43038
pxbg7s,43039
pxbdap,43040
pxbaxu,43041
pxb9v3,43042
pxb7ib,43043
pxb4s5,43044
pxb27g,43045
pxaz41,43046
pxani5,43047
pxanbt,43048
pxan9b,43049
pxan7w,43050
pxan6j,43051
pxan4y,43052
pxan3h,43053
pxan21,43054
pxan06,43055
pxamyv,43056
pxamy7,43057
pxamx5,43058
pxamvo,43059
pxamtx,43060
pxamso,43061
pxakxu,43062
pxak6f,43063
pxaflt,43064
pxaf6r,43065
pxa9iz,43066
px9vny,43067
px9v88,43068
px9uam,43069
px9san,43070
px9n2v,43071
px9jj7,43072
px9aaq,43073
px95cy,43074
px951n,43075
px93kl,43076
px8x5j,43077
px8wil,43078
px8ugb,43079
px8tfl,43080
px8rex,43081
px8ofn,43082
px8nbi,43083
px8l95,43084
px8gwd,43085
px8fo7,43086
px7yo2,43087
px7sur,43088
px7rhv,43089
px7rah,43090
px7n17,43091
px7luz,43092
px7iiu,43093
px7hxz,43094
px7hob,43095
px7hcw,43096
px7far,43097
px7axo,43098
px7ag8,43099
px7a79,43100
px79hm,43101
px78mo,43102
px78a1,43103
px785j,43104
px77zs,43105
px73pd,43106
px6zik,43107
px6xgc,43108
px6wbd,43109
px6uio,43110
px6u35,43111
px6rpt,43112
px6pcq,43113
px6nty,43114
px6hnu,43115
px6hbj,43116
px6ghn,43117
px6fw6,43118
px6e01,43119
px6c29,43120
px69wd,43121
px661u,43122
px641v,43123
px61cw,43124
px5ze5,43125
px5xzg,43126
px5u31,43127
px5rlz,43128
px5rdd,43129
px5en0,43130
px5cpt,43131
px5by4,43132
px5ad3,43133
px592j,43134
px582o,43135
px581p,43136
px54j4,43137
px5360,43138
px51cr,43139
px50ba,43140
px4zfe,43141
px4ul9,43142
px4ub6,43143
px4t32,43144
px4rxo,43145
px4rf9,43146
px4qbt,43147
px4pg8,43148
px4oxg,43149
px4lxw,43150
px4luw,43151
px4jpt,43152
px4gkz,43153
px4gdo,43154
px4ec0,43155
px4dx2,43156
px4bvu,43157
px47c7,43158
px46gv,43159
px45w6,43160
px45bv,43161
px45ah,43162
px43rv,43163
px42l2,43164
px42g5,43165
px41an,43166
px3zhz,43167
px3yud,43168
px3y9m,43169
px3vh7,43170
px3trn,43171
px3t0b,43172
px3skz,43173
px3qdy,43174
px3qcu,43175
px3q8h,43176
px3ot8,43177
px3oic,43178
px3msn,43179
px3m4m,43180
px3lgg,43181
px3kim,43182
px3jxr,43183
px3jt6,43184
px3hs7,43185
px3hq0,43186
px3g8f,43187
px3fbz,43188
px3ewl,43189
px3evd,43190
px3e9q,43191
px3e9a,43192
px3dbu,43193
px3c7c,43194
px3c1l,43195
px3bsl,43196
px3boi,43197
px3b1d,43198
px3b1b,43199
px39sf,43200
px39hj,43201
px38zn,43202
px38aa,43203
px37jg,43204
px3743,43205
px36gi,43206
px34w7,43207
px34cz,43208
px338u,43209
px32y1,43210
px32cn,43211
px315p,43212
px30fa,43213
px2zgu,43214
px2xdv,43215
px2w2e,43216
px2utm,43217
px2s6c,43218
px2qqp,43219
px2q6e,43220
px2mpc,43221
px2kpm,43222
px2k1v,43223
px2idd,43224
px2elq,43225
px2e8f,43226
px2dbo,43227
px2cyk,43228
px2bcs,43229
px2b0k,43230
px28wv,43231
px277c,43232
px26pd,43233
px25hg,43234
px1zm8,43235
px1yth,43236
px1w90,43237
px1vfn,43238
px1u1g,43239
px1tif,43240
px1ruu,43241
px1q50,43242
px1pe1,43243
px1ke3,43244
px1j7b,43245
px1j16,43246
px1efl,43247
px1e01,43248
px1cmy,43249
px1bok,43250
px1aaz,43251
px1962,43252
px16he,43253
px15nv,43254
px15d3,43255
px12f8,43256
px128d,43257
px0vhv,43258
px0tc5,43259
px0rcw,43260
px0r1p,43261
px0pn9,43262
px0oie,43263
px0ljy,43264
px0leq,43265
px0kb8,43266
px0k59,43267
px0gl2,43268
px0gbq,43269
px094b,43270
px07gf,43271
px06le,43272
px04pr,43273
px04hu,43274
px04fb,43275
px01mz,43276
px00co,43277
pwzye3,43278
pwzyat,43279
pwzxn5,43280
pwzxew,43281
pwzvg0,43282
pwzuze,43283
pwzui8,43284
pwzt69,43285
pwzr78,43286
pwzqjy,43287
pwzqfe,43288
pwzpg6,43289
pwznx1,43290
pwzlhk,43291
pwzdhu,43292
pwzc6m,43293
pwza8r,43294
pwz7bh,43295
pwz6sz,43296
pwz6hr,43297
pwz4vd,43298
pwyzkz,43299
pwyuev,43300
pwysr5,43301
pwyrkx,43302
pwymz9,43303
pwykat,43304
pwyiyw,43305
pwyg2y,43306
pwyd5y,43307
pwy9h2,43308
pwy9ec,43309
pwy8sn,43310
pwy7p0,43311
pwy797,43312
pwy6sh,43313
pwy595,43314
pwy3e8,43315
pwy35p,43316
pwxzrx,43317
pwxyo6,43318
pwxwjq,43319
pwxuzj,43320
pwxre6,43321
pwxoqb,43322
pwxb4l,43323
pwx983,43324
pwx2e0,43325
pwx2aq,43326
pwx29d,43327
pwwzsp,43328
pwwvya,43329
pwwtjd,43330
pwwior,43331
pwwi20,43332
pwwd7z,43333
pwwas3,43334
pww9e8,43335
pww7vj,43336
pww7i4,43337
pww75m,43338
pwvjeo,43339
pwvb3t,43340
pwv0xk,43341
pwutss,43342
pwurx0,43343
pwug8w,43344
pwufxa,43345
pwu8mp,43346
pwtnrn,43347
pwt7pv,43348
pwt7kq,43349
pwt0v4,43350
pwsva4,43351
pwrv5w,43352
pwrhh3,43353
pwr3y7,43354
pwqy9g,43355
pwqy3q,43356
pwqss3,43357
pwqey1,43358
pwqapj,43359
pwq5td,43360
pwq48v,43361
pwpuo0,43362
pwpmi6,43363
pwpkur,43364
pwph9y,43365
pwpcqi,43366
pwp3bs,43367
pwp187,43368
pwowrl,43369
pwogfj,43370
pwofff,43371
pwoerl,43372
pwocs9,43373
pwobj8,43374
pwob7c,43375
pwoad0,43376
pwnvhn,43377
pwntyw,43378
pwnqlk,43379
pwnn19,43380
pwnia9,43381
pwnfeu,43382
pwncxr,43383
pwn6dr,43384
pwn5e3,43385
pwn2ry,43386
pwn2l7,43387
pwmton,43388
pwmnt1,43389
pwmnqv,43390
pwmm9f,43391
pwmm7d,43392
pwmh2d,43393
pwmh2o,43394
pwm518,43395
pwm3n8,43396
pwm13q,43397
pwm02s,43398
pwlznu,43399
pwlvtx,43400
pwlmuu,43401
pwlfln,43402
pwl8xb,43403
pwl7m9,43404
pwl7jh,43405
pwl6xr,43406
pwl5zq,43407
pwl3hl,43408
pwky5w,43409
pwkt68,43410
pwks1i,43411
pwkmvc,43412
pwkkns,43413
pwkkfy,43414
pwkgon,43415
pwkgcz,43416
pwkd53,43417
pwkciu,43418
pwkbse,43419
pwkb26,43420
pwk8cx,43421
pwk77s,43422
pwk6t7,43423
pwk3vx,43424
pwk3hj,43425
pwk29a,43426
pwk17p,43427
pwjxme,43428
pwjtx4,43429
pwj41d,43430
pwj22c,43431
pwj1f2,43432
pwixue,43433
pwixgb,43434
pwiua2,43435
pwiqxs,43436
pwipwl,43437
pwiodu,43438
pwimzj,43439
pwikua,43440
pwiime,43441
pwigbe,43442
pwiga1,43443
pwifkg,43444
pwifff,43445
pwiekx,43446
pwidw9,43447
pwianw,43448
pwi7en,43449
pwi6xf,43450
pwi6mc,43451
pwi5rq,43452
pwi5om,43453
pwi2mm,43454
pwi11b,43455
pwhxek,43456
pwhwfi,43457
pwhvrs,43458
pwhvcg,43459
pwhval,43460
pwhujq,43461
pwhqsq,43462
pwhqfp,43463
pwhpy5,43464
pwhpvd,43465
pwhmsh,43466
pwhmal,43467
pwhili,43468
pwhhbx,43469
pwhfn2,43470
pwhejw,43471
pwhdvt,43472
pwh9zg,43473
pwh7uu,43474
pwh1ik,43475
pwh03s,43476
pwgxdv,43477
pwgvai,43478
pwgud8,43479
pwgtz6,43480
pwgtg8,43481
pwgq88,43482
pwgpvh,43483
pwgprc,43484
pwgn3r,43485
pwgjlb,43486
pwgfas,43487
pwgf98,43488
pwgepd,43489
pwgcw4,43490
pwgcd3,43491
pwgca3,43492
pwgc1h,43493
pwgbhc,43494
pwgaru,43495
pwg798,43496
pwg6bh,43497
pwg53h,43498
pwg0f7,43499
pwfz2l,43500
pwfx85,43501
pwfwi5,43502
pwfw2u,43503
pwfqqr,43504
pwfo3e,43505
pwfnzg,43506
pwfnk0,43507
pwflsl,43508
pwfje8,43509
pwfjaf,43510
pwfj97,43511
pwffhj,43512
pwfeit,43513
pwfaw1,43514
pwf5ia,43515
pwf2oz,43516
pwezov,43517
pwex48,43518
pwevgs,43519
pweqq3,43520
pweq3b,43521
pwepkp,43522
pweorr,43523
pwelnh,43524
pwejod,43525
pwejdl,43526
pwehum,43527
pwegyk,43528
pwef1a,43529
pweeso,43530
pwedz6,43531
pwed5n,43532
pwec41,43533
pwe87g,43534
pwe82r,43535
pwe80e,43536
pwe3tk,43537
pwe3k1,43538
pwe2i0,43539
pwe1do,43540
pwe17b,43541
pwe15b,43542
pwdzgb,43543
pwdxmg,43544
pwdwd3,43545
pwdvqt,43546
pwdure,43547
pwdup7,43548
pwdu9t,43549
pwdsap,43550
pwdqd3,43551
pwdq51,43552
pwdq00,43553
pwdpzl,43554
pwdn09,43555
pwdmdw,43556
pwdmdc,43557
pwdkxf,43558
pwdjn5,43559
pwdjkr,43560
pwdiyi,43561
pwdiem,43562
pwdht7,43563
pwdgq3,43564
pwdfy9,43565
pwddvo,43566
pwdczm,43567
pwdcxq,43568
pwdcwh,43569
pwdc85,43570
pwdbdo,43571
pwdazw,43572
pwdayf,43573
pwdaac,43574
pwda7l,43575
pwd8tj,43576
pwd7lh,43577
pwd7jc,43578
pwd4b8,43579
pwd29b,43580
pwd26u,43581
pwd1k6,43582
pwd0sr,43583
pwd0m4,43584
pwctdo,43585
pwcscf,43586
pwcr7n,43587
pwcqxr,43588
pwceyz,43589
pwccp8,43590
pwcb33,43591
pwca17,43592
pwc86w,43593
pwc7zw,43594
pwc7q3,43595
pwc6km,43596
pwc4zv,43597
pwc3bf,43598
pwc2v8,43599
pwbwt7,43600
pwbwjc,43601
pwbw24,43602
pwbuwl,43603
pwbu9j,43604
pwbsn4,43605
pwbs22,43606
pwbs19,43607
pwbruh,43608
pwbp0d,43609
pwbomp,43610
pwboip,43611
pwbnze,43612
pwbl28,43613
pwbkdk,43614
pwbjyq,43615
pwbi4v,43616
pwbi02,43617
pwbgrr,43618
pwbd7h,43619
pwbbdq,43620
pwbanf,43621
pwb8wn,43622
pwb81f,43623
pwb7y1,43624
pwb5ir,43625
pwb4wf,43626
pwb4u5,43627
pwb4mz,43628
pwb4h4,43629
pwb1by,43630
pwb03b,43631
pwax4q,43632
pwaun7,43633
pwar2x,43634
pwante,43635
pwakw1,43636
pwakot,43637
pwak28,43638
pwaj7s,43639
pwafxt,43640
pwafwh,43641
pwafay,43642
pwade6,43643
pwacg0,43644
pwaads,43645
pwa84u,43646
pwa6s3,43647
pwa629,43648
pwa3wi,43649
pw9zfg,43650
pw9wvs,43651
pw9vfz,43652
pw9ucd,43653
pw9t3y,43654
pw9s12,43655
pw9qov,43656
pw9piz,43657
pw9p1y,43658
pw9oe9,43659
pw9obl,43660
pw9hoa,43661
pw9ego,43662
pw9cxs,43663
pw9cts,43664
pw9bix,43665
pw91vh,43666
pw8vej,43667
pw8u6o,43668
pw8r00,43669
pw8mm9,43670
pw8j7c,43671
pw8fr2,43672
pw88bx,43673
pw7yut,43674
pw7wsx,43675
pw7vmm,43676
pw7rxn,43677
pw7qxt,43678
pw7nyj,43679
pw7mmq,43680
pw7jaa,43681
pw7ipj,43682
pw7gsn,43683
pw7axv,43684
pw6y8r,43685
pw6xs6,43686
pw6w9y,43687
pw6sk5,43688
pw6rsg,43689
pw6m6s,43690
pw6ga0,43691
pw6f1y,43692
pw6ci3,43693
pw5imc,43694
pw5alz,43695
pw55qy,43696
pw4hwe,43697
pw3k23,43698
pw336r,43699
pw31bg,43700
pw2s7p,43701
pw2aib,43702
pw1ym1,43703
pw1pll,43704
pw1l25,43705
pw1afx,43706
pw10rz,43707
pw0y7d,43708
pw0xsc,43709
pw0vgx,43710
pw0v15,43711
pw0qhg,43712
pw0jzs,43713
pw0fyh,43714
pw0b3j,43715
pw0418,43716
pw037v,43717
pw02iu,43718
pvzsr1,43719
pvzs73,43720
pvzpga,43721
pvzidd,43722
pvzgyu,43723
pvzgrp,43724
pvzczb,43725
pvza2x,43726
pvz405,43727
pvz3km,43728
pvz0ec,43729
pvz0d3,43730
pvyxn1,43731
pvyt4l,43732
pvysa5,43733
pvyoo7,43734
pvyog9,43735
pvymin,43736
pvyaxb,43737
pvyahk,43738
pvy9d9,43739
pvy93c,43740
pvy6q4,43741
pvy5pg,43742
pvy5g8,43743
pvy4d7,43744
pvy24o,43745
pvxqot,43746
pvxpqa,43747
pvxmtz,43748
pvxhd9,43749
pvxfx1,43750
pvxfjj,43751
pvxe66,43752
pvxe3d,43753
pvxdq0,43754
pvxcoh,43755
pvxc53,43756
pvxayx,43757
pvx9qj,43758
pvx89z,43759
pvx3iw,43760
pvx0nt,43761
pvwy8u,43762
pvwuuk,43763
pvwr6j,43764
pvwmy8,43765
pvwja6,43766
pvwj4b,43767
pvwilk,43768
pvwhzo,43769
pvwfsq,43770
pvwdjj,43771
pvwcsi,43772
pvw8jc,43773
pvw7j4,43774
pvw47p,43775
pvvzjd,43776
pvvywi,43777
pvvyes,43778
pvvwnz,43779
pvvuun,43780
pvvtpv,43781
pvvsxp,43782
pvvsh4,43783
pvvq9z,43784
pvvi1p,43785
pvvfu4,43786
pvva7i,43787
pvv9ay,43788
pvv7u5,43789
pvv68k,43790
pvv5qp,43791
pvuwlk,43792
pvuw3s,43793
pvuuyl,43794
pvuu16,43795
pvuloi,43796
pvulhm,43797
pvuf93,43798
pvudf1,43799
pvucpl,43800
pvucnf,43801
pvuaoi,43802
pvuajn,43803
pvu8ft,43804
pvu7ec,43805
pvu6bj,43806
pvu5vf,43807
pvu5cb,43808
pvu3y4,43809
pvu200,43810
pvtqse,43811
pvtnbo,43812
pvtkd2,43813
pvtk4u,43814
pvtk2r,43815
pvthyu,43816
pvtdii,43817
pvtbre,43818
pvt7e2,43819
