name,price,id,description,priority
DKNY Unisex Black & Grey Printed Medium Trolley Bag,2879,2800,Unisex,3
EthnoVogue Women Beige & Grey Made to Measure Custom Made Kurta Set with Jacket,3942,2801,Women,3
SPYKAR Women Pink Alexa Super Skinny Fit High-Rise Clean Look Stretchable Cropped Jeans,5453,2802,Women,3
Raymond Men Blue Self-Design Single-Breasted Bandhgala Suit,4868,2803,Men,3
Parx Men Brown & Off-White Slim Fit Printed Casual Shirt,2072,2804,Men,3
SHOWOFF Men Brown Solid Slim Fit Regular Shorts,3229,2805,Men,3
Parx Men Blue Slim Fit Checked Casual Shirt,2911,2806,Men,3
SPYKAR Women Burgundy Alexa Super Skinny Fit High-Rise Clean Look Stretchable Ankle Jeans,1198,2807,Women,3
Parx Men Brown Tapered Fit Solid Regular Trousers,4279,2808,Men,3
DKNY Unisex Black Large Trolley Bag,3487,2809,Unisex,3
Kenneth Cole Women Navy Blue Solid Backpack,2102,2810,Women,3
Parx Men Green Printed Polo Collar T-shirt,1090,2811,Men,3
Police Men To Be The King Eau De Toilette 125 ml,6279,2812,Men,3
Vishudh Women Maroon Printed Kurta with Palazzos,4009,2813,Women,3
Parx Men Red Slim Fit Checked Casual Shirt,1355,2814,Men,3
Being Human Clothing Navy Printed Casual Slim Shirt,6075,2815,Men,3
Homesake Gold-Toned & White Solid Handcrafted Table Lamp with Shade,4935,2816,Unisex,3
SEJ by Nisha Gupta Set of 6 Mustard & Blue Printed Table Placemats,5869,2817,Unisex,3
YAK YAK Men Camel Brown Solid Polo Collar T-shirt,2242,2818,Men,3
PARFAIT Plus Size Black Striped Non-Wired Lightly Padded T-shirt Bra P5252,5773,2819,Women,3
Michael Kors Women Sexy Amber Eau de Parfum 100ml,5094,2820,Women,3
HIGHLANDER Men Mustard & Black Slim Fit Checked Casual Shirt,5868,2821,Men,3
SEJ by Nisha Gupta Set of 6 Multicoloured Printed Table Placemats,4572,2822,Unisex,3
SPYKAR Women Blue Adora Skinny Fit Mid-Rise Clean Look Stretchable Ankle Jeans,5008,2823,Women,3
JEWEL JUNCTION Gold-Toned Square Cufflinks,5762,2824,Men,3
ID Men Tan Brown Fisherman Leather Sandals,1589,2825,Men,3
Story@home Multicoloured Geometric 210TC Cotton 1 King Bedsheet with 2 Pillow Covers,6114,2826,Unisex,3
Raymond Men Blue Slim Fit Printed Formal Shirt,5818,2827,Men,3
Gini and Jony Boys Navy Blue Regular Fit Solid Casual Shirt,1885,2828,Boys,3
SEJ by Nisha Gupta Set of 6 Printed Table Placemats,6240,2829,Unisex,3
Sera Women Blue Printed Kurta with Palazzos,1725,2830,Women,3
AccessHer Women Gold-Toned & Pink Gold-Plated AD-Studded Maang Tikka,6681,2831,Women,3
Parx Men Blue Slim Fit Printed Casual Shirt,2872,2832,Men,3
Alcis Women Yellow & Blue Colorblocked Tights,1600,2833,Women,3
ID Men Brown Leather Formal Slip-Ons,4997,2834,Men,3
Difference of Opinion Men Navy Blue Solid Round Neck T-shirt With Side Strip Detail,6626,2835,Men,3
Parx Men Blue Slim Fit Checked Casual Shirt,5891,2836,Men,3
Michael Kors Extreme Blue For Men Edt 70 ml,2245,2837,Men,3
Tokyo Talkies Women Off-White & Pink Floral Print Fit and Flare Dress,6840,2838,Women,3
ANNA SUI Women La Vie De Boheme EDT 75ml,5678,2839,Women,3
HIGHLANDER Men Navy Blue & Maroon Slim Fit Checked Casual Shirt,4130,2840,Men,3
her by invictus Women Brown Solid Cushioned Mules,2456,2841,Women,3
ID Men Beige Leather Derbys,4684,2842,Men,3
SPYKAR Women Blue Adora Skinny Fit Mid-Rise Low Distress Ankle-length Stretchable Jeans,3014,2843,Women,3
SPYKAR Women Blue Adora Skinny Fit Mid-Rise Clean Look Ankle-Length Stretchable Jeans,1889,2844,Women,3
Soie Nude-Coloured Solid Non-Wired Non Padded Maternity Bra CB-331NUDE,2189,2845,Women,3
Lara Karen Women Black Solid Maxi Satin Skirt,4447,2846,Women,3
Gini and Jony Girls Yellow Fit and Flare Embellished Dress,3305,2847,Girls,3
Story@home Off-White & Blue Geometric 210TC Cotton 1 King Bedsheet with 2 Pillow Covers,5224,2848,Unisex,3
PARFAIT Plus Size Blue Solid Underwired Lightly Padded Plunge Bra 2801,6495,2849,Women,3
Urban Dog Men Grey Solid Regular Fit Sports Shorts,5048,2850,Men,3
ahilya Sterling Silver Textured Bangle,2063,2851,Women,3
PARFAIT Plus Size Blue Solid Underwired Lightly Padded T-shirt Bra P5441,5985,2852,Women,3
VASTRAMAY Boys Navy Blue & Maroon Solid Kurta with Dhoti Pants & Jacket,5270,2853,Boys,3
Difference of Opinion Men Grey Melange Printed Round Neck T-shirt,6423,2854,Men,3
Campus Sutra Men White & Blue Regular Fit Colourblocked Casual Shirt,2793,2855,Men,3
FIDO DIDO Men White Printed Round Neck T-shirt,5467,2856,Men,3
MIAH Decor Beige & Black Indian Art Printed Set of 4 Ceramic Bowls,2326,2857,Unisex,3
JEWEL JUNCTION Gold-Toned Geometric Cufflinks,1731,2858,Men,3
Vishudh Women Off-White & Green Floral Print A-Line Dress,2169,2859,Women,3
Urban Dog Men Grey Printed Regular Fit Sports Shorts,1956,2860,Men,3
PARFAIT Plus Size Women Navy Blue  White Solid Low-Rise Bikini Brief PP303,3265,2861,Women,3
SEJ by Nisha Gupta Set of 6 Yellow & Blue Printed Table Placemats,5910,2862,Unisex,3
ID Men Brown Leather Loafers,5830,2863,Men,3
PARFAIT Plus Size Red Solid Underwired Lightly Padded T-shirt Bra P5391,2800,2864,Women,3
SPYKAR Women Blue Adora Skinny Fit Mid-Rise Mildly Distressed Stretchable Cropped Jeans,5829,2865,Women,3
SPYKAR Women Blue Adora Skinny Fit Mid-Rise Clean Look Stretchable Cropped Jeans,2274,2866,Women,3
Raymond Men Blue Regular Fit Self Design Formal Shirt,2895,2867,Men,3
BuckleUp Women Multicoloured Printed Belt,5173,2868,Women,3
Peter England Men Black Briefs PIWBK9146012,6672,2869,Men,3
AIGNER Men Platinum Eau De Toilette Perfume 100 ml,3147,2870,Men,3
Gini and Jony Girls Blue Solid Jacket,2932,2871,Girls,3
Homesake Gold-Toned Solid Handcrafted Table Lamp with Shade,1942,2872,Unisex,3
Campus Sutra Men Black Solid Round Neck Faux Leather T-shirt,2320,2873,Men,3
MIAH Decor Set of 3 Blue & Off-White Handpainted Kitchen Storage Jars with Lids,5150,2874,Unisex,3
Gini and Jony Girls Peach-Coloured Floral Embroidered Fit & Flare Dress,4174,2875,Girls,3
SEJ by Nisha Gupta Blue & Green Printed Wooden Open Dry Bin,3425,2876,Unisex,3
Parx Men Blue Slim Fit Checked Casual Shirt,2584,2877,Men,3
PARFAIT Plus Size Black Lace Non-Wired Non Padded Everyday Bra P5482,3498,2878,Women,3
Parx Men Blue Slim Fit Checked Casual Shirt,3838,2879,Men,3
Lady Lyka Women Pack of 2 Beginners Bras TEENAGER-WHT-BLK,6846,2880,Women,3
SEJ by Nisha Gupta Set of 4 Multicoloured Printed Table Placemats,4081,2881,Unisex,3
her by invictus Women Red Cushioned Loafers,1254,2882,Women,3
JEWEL JUNCTION Gold-Toned & Black Round Cufflinks,5468,2883,Men,3
PARFAIT Plus Size Black Solid Non-Wired Non Padded Sports Bra P5542,6393,2884,Women,3
her by invictus Women Tan Brown Cushioned Slip-on Shoes,3053,2885,Women,3
DKNY Unisex Black Medium Trolley Bag,3115,2886,Unisex,3
Parx Men Yellow & Off-White Slim Fit Checked Casual Shirt,4215,2887,Men,3
Story@home Mauve & Grey Geometric 210 TC Cotton 1 King Bedsheet with 2 Pillow Covers,5975,2888,Unisex,3
Parx Men Blue & Off-White Slim Fit Printed Casual Shirt,1457,2889,Men,3
her by invictus Women Green Cushioned Slip-Ons,4380,2890,Women,3
Park Avenue Women Blue Skinny Fit Mid-Rise Clean Look Jeans,6518,2891,Women,3
Roadster Women Black Textured Open Toe Flats,1718,2892,Women,3
her by invictus Women Black Textured Cushioned Flats,4176,2893,Women,3
U.S. Polo Assn. Denim Co. Men Navy Blue Solid Bomber Jacket,6237,2894,Men,3
SEJ by Nisha Gupta Set of 6 Pink Printed Table Placemats,5807,2895,Unisex,3
Gini and Jony Girls Navy Blue Washed Denim Jacket,2549,2896,Girls,3
Sweet Dreams Men Navy Blue Solid Straight-Fit Trackpants,3657,2897,Men,3
Kazo Women Yellow Floral Print Shirt Dress,6748,2898,Women,3
Gini and Jony Boys Red & Grey Melange Solid Varsity Jacket with Applique Detail,6615,2899,Boys,3
PARFAIT Plus Size Beige Solid Underwired Lightly Padded Plunge Bra 2801,4337,2900,Women,3
Parx Men Blue Slim Fit Checked Casual Shirt,3708,2901,Men,3
Parx Men Black & Red Slim Fit Checked Casual Shirt,3352,2902,Men,3
ID Men Tan Brown Formal Leather Oxfords,4214,2903,Men,3
Stylo Bug Girls Turquoise Blue A-Line Dress,3710,2904,Girls,3
PARFAIT Plus Size Women Black  Red Printed Lace Detail Hipster Brief 2805,5403,2905,Women,3
MIAH Decor Set Of 5 Handcrafted Ceramic Kulladhs,6514,2906,Unisex,3
JEWEL JUNCTION Gold-Toned Geometric Cufflinks,4622,2907,Men,3
Tokyo Talkies Women Black & Red Floral Print Fit and Flare Dress,2015,2908,Women,3
SEJ by Nisha Gupta Set of 6 Printed Table Placemats,5990,2909,Unisex,3
Sera Women Black Printed Loose Fit Regular Shorts,6177,2910,Women,3
Gini and Jony Boys Black & Grey Embroidered Regular Fit Shorts,2450,2911,Boys,3
AccessHer Gold-Plated & Black Multistrand Head Chain,3012,2912,Women,3
Bvlgari Women Splendida Iris D'Or Eau De Parfum 100 ml,4740,2913,Women,3
ahilya Sterling Silver Statement Ring,1596,2914,Women,3
SPYKAR Women Blue Alexa Super Skinny Fit High-Rise Clean Look Stretchable Cropped Jeans,2975,2915,Women,3
FIDO DIDO Men Grey & Black Printed Colourblocked Polo Collar T-shirt,2499,2916,Men,3
Parx Men Pink Slim Fit Solid Casual Shirt,1897,2917,Men,3
Parx Men Navy Blue Slim Fit Printed Casual Shirt,2252,2918,Men,3
Sera Women White Self Design Top,2686,2919,Women,3
Bvlgari Women Omnia Crystalline Eau De Toilette 40 ml,1629,2920,Women,3
ID Men Grey Solid Thong Flip-Flops,3010,2921,Men,3
JEWEL JUNCTION Silver-Toned Geometric Cufflinks,6500,2922,Men,3
DKNY Unisex Gold & White Printed Cabin Trolley Bag,5561,2923,Unisex,3
Parx Men Khaki Slim Fit Solid Regular Trousers,1676,2924,Men,3
Qraa Men Pack of 2 Face And Beard Wash 100gm each,2301,2925,Men,3
PARFAIT Plus Size Blue Lace Underwired Lightly Padded Plunge Bra P5351,6078,2926,Women,3
Lady Lyka Women Peach and Burgundy Pack of 2 Everyday Bras ENTIZER-11-PCH-WHN,5170,2927,Women,3
Difference of Opinion Men Olive Green Printed Round Neck T-shirt,6673,2928,Men,3
Michael Kors Women Eau de Toilette 50 ml,3774,2929,Women,3
Homesake Gold-Toned & White Solid Handcrafted Table Lamp with Shade,3505,2930,Unisex,3
ID Men Black Leather Formal Derbys,4154,2931,Men,3
Soie Brown Underwired Non Padded full coverage Everyday Bra FB-610CRIMSON,5171,2932,Women,3
GAS Women Navy Blue Regular Fit Mid-Rise Clean Look Stretchable Jeans,1436,2933,Women,3
Homesake Gold-Toned & Navy Blue Solid Handcrafted Table Lamp with Shade,4746,2934,Unisex,3
HIGHLANDER Men Navy Blue & Grey Slim Fit Striped Regular Trousers,5301,2935,Men,3
WITH Men Black Slim Fit Solid Casual Shirt,5986,2936,Men,3
ID Men Black Leather Formal Derbys,4902,2937,Men,3
SPYKAR Women White Alexa Super Skinny Fit High-Rise Clean Look Stretchable Ankle Jeans,6974,2938,Women,3
ZUSH Plus Size Women Black Regular Fit Mid-Rise Clean Look Jeans,3394,2939,Women,3
Story@home Mustard Floral 210 TC Cotton 1 King Bedsheet with 2 Pillow Covers,1564,2940,Unisex,3
DKNY Unisex Gold & White Printed Large Trolley Bag,2174,2941,Unisex,3
Campus Sutra Men Green & Navy Blue Regular Fit Checked Casual Shirt,6159,2942,Men,3
Campus Sutra Men Navy & Grey Melange Standard Regular Fit Colourblocked Casual Shirt,2791,2943,Men,3
Parx Men Blue Slim Fit Checked Casual Shirt,1033,2944,Men,3
JBN Creation Boys Maroon & Brown Sherwani Set,4384,2945,Boys,3
U.S. Polo Assn. Kids Boys Navy Hooded Sweatshirt,3809,2946,Boys,3
Bvlgari Women Omnia Paraiba Eau De Toilette Perfume 65 ml,2123,2947,Women,3
PARFAIT Plus Size Black Solid Underwired Lightly Padded Everyday Bra P5011,5304,2948,Women,3
PARFAIT Plus Size Beige Self Design Underwired Non Padded Minimizer Bra P5272,3811,2949,Women,3
JEWEL JUNCTION Silver-Toned Geometric Cufflinks,3112,2950,Men,3
DKNY Unisex Black Large Trolley Bag,1754,2951,Unisex,3
DressBerry Off-White Sequinned Top,1414,2952,Women,3
Parx Men Blue Slim Fit Checked Casual Shirt,1317,2953,Men,3
BuckleUp Women Blue Textured Belt,6521,2954,Women,3
Gini and Jony Boys Black & White Regular Fit Printed Trousers,6658,2955,Boys,3
PARFAIT Plus Size Women Lavender Lace Boy Shorts 2805,5779,2956,Women,3
Bvlgari Goldea Women The Roman Night Eau De Parfum 75 ml,4744,2957,Women,3
Parx Men Maroon Slim Fit Printed Casual Shirt,6351,2958,Men,3
ColorPlus Men Blue Regular Fit Checked Formal Trousers,4878,2959,Men,3
Parx Men Off-White & Blue Slim Fit Printed Casual Shirt,5996,2960,Men,3
HIGHLANDER Men Grey Slim Fit Self Design Regular Trousers,4039,2961,Men,3
Parx Men Beige Slim Fit Solid Regular Trousers,4862,2962,Men,3
Tokyo Talkies Women Green Solid Top,3208,2963,Women,3
BuckleUp Women Tan Textured Belt,5126,2964,Women,3
SPYKAR Women Black Alexa Super Skinny Fit High-Rise Clean Look Stretchable Jeans,4087,2965,Women,3
MIAH Decor Set Of 2 Ceramic Bowls,2394,2966,Unisex,3
Lakme Absolute Matte Melt Liquid Lip Color - 21 Mauve Mix 6 ml,2587,2967,Women,3
Campus Sutra Men Blue & White Ombre-Dyed Henley Neck T-shirt,6483,2968,Men,3
Allen Solly Woman Women White Printed Top,2987,2969,Women,3
Palm Tree Girls Pink Solid Bomber Jacket,2941,2970,Girls,3
PARFAIT Plus Size Purple  Pink Lace Underwired Lightly Padded T-shirt Bra P5581,2956,2971,Women,3
Arrow Taupe Tapered Fit Formal Trousers,2112,2972,Men,3
JEWEL JUNCTION Silver-Toned Geometric Cufflinks,1532,2973,Men,3
Difference of Opinion Men Mustard Yellow Solid Round Neck T-shirt with Printed Detailing,5254,2974,Men,3
AccessHer Women Gold-Plated & White Kundan-Studded Flower-Shaped Nosepin,2306,2975,Women,3
HIGHLANDER Men Grey & Black Striped Round Neck T-shirt,1555,2976,Men,3
Lady Lyka Women Pack of 2 Beginners Bras TEENAGER-RED-WHT,4581,2977,Women,3
DKNY Unisex Silver Medium Trolley Bag,6128,2978,Unisex,3
Raymond Men Green Printed Polo Collar T-shirt,4540,2979,Men,3
Lakme Absolute Matte Melt Liquid Lip Color - 23 Pink Poison 6 ml,4189,2980,Women,3
Lakme Absolute Mattreal Mousse Concealer - Caramel 04 9 g,4571,2981,Women,3
DAVID BECKHAM Men Respect Eau De Toilette 90 ml,6934,2982,Men,3
AccessHer Gold-Toned & Yellow Classic Drop Earrings,2076,2983,Women,3
MANGO Women Black & Yellow Floral Print Layered Top,4285,2984,Women,3
Park Avenue Women Maroon Self Design Top,5369,2985,Women,3
ahilya Maroon Gold-Plated Sterling Silver Hoop Earrings,5894,2986,Women,3
AccessHer Gold-Plated & Black Beaded Mangalsutra,6845,2987,Women,3
Lady Lyka Women Beige and White Pack of 2 Beginners Bras ATHLETE-SKN-WHT-Multi,3677,2988,Women,3
Story@home Blue & Pink Floral 210 TC Cotton 1 King Bedsheet with 2 Pillow Covers,5203,2989,Unisex,3
Urban Dog Men Charcoal Black Printed Regular Fit Sports Shorts,2423,2990,Men,3
ID Men Beige Solid Leather Mid-Top Flat Boots,6613,2991,Men,3
Carrera Men Tan Brown Flat Boots,3032,2992,Men,3
Story@home Olive Green & Grey Geometric 210 TC Cotton 1 King Bedsheet with 2 Pillow Covers,4153,2993,Unisex,3
Campus Sutra Men Red & Black Standard Regular Fit Checked Casual Shirt,6943,2994,Men,3
Gini and Jony Boys Black Regular Fit Solid Chinos,2317,2995,Boys,3
Story@home Green & White Floral 210 TC Cotton 1 King Bedsheet with 2 Pillow Covers,3608,2996,Unisex,3
DKNY Unisex Maroon Solid Leather Backpack with Pouch,4017,2997,Unisex,3
Parx Men Khaki Tapered Fit Solid Regular Trousers,5264,2998,Men,3
Soie Green Self Design Underwired Non Padded Everyday Bra FB-610,5643,2999,Women,3
Raymond Men Maroon Striped Polo Collar T-shirt,1312,3000,Men,3
Lakme Absolute Matte Melt Liquid Lip Color - 15 Rose Love 6 ml,6026,3001,Women,3
Gini and Jony Girls Navy Blue Denim Striped Pinafore Dress,1157,3002,Girls,3
PARFAIT Plus Size Black Solid Underwired Lightly Padded Everyday Bra 4815,1982,3003,Women,3
Parx Men White & Blue Slim Fit Printed Casual Shirt,3005,3004,Men,3
Urban Dog Men Black Printed Regular Fit Sports Shorts,1784,3005,Men,3
Campus Sutra Men Blue Standard Regular Fit Checked Casual Shirt,6480,3006,Men,3
EthnoVogue Women Coral Pink & Orange Printed Made to Measure Printed Maxi Dress,4135,3007,Women,3
PARFAIT Plus Size Black Solid Underwired Lightly Padded T-shirt Bra 4812,6627,3008,Women,3
Lady Lyka Women Brown and Grey Pack of 2 Everyday Bras COULOUR-POP-BRN-GRY,4052,3009,Women,3
PARFAIT Plus Size Women Navy Blue Solid Hipster Brief P5645,1290,3010,Women,3
Tokyo Talkies Women Burgundy Solid Top,5446,3011,Women,3
Parx Men Blue & Yellow Slim Fit Checked Casual Shirt,2860,3012,Men,3
ROMEE Grey & Red Floral AC Room 300 GSM Single Bed Dohar,6150,3013,Unisex,3
ZUSH Plus Size Women Black Regular Fit Mid-Rise Clean Look Jeans,2741,3014,Women,3
Lady Lyka Women Maroon and Beige Pack of 2 Everyday Bras MONALISA-MRN-SKN-Multi,6509,3015,Women,3
TAYHAA White Solid Rectangular Photo Frame,3714,3016,Unisex,3
Gini and Jony Boys Navy Blue Slim Fit Printed Regular Trousers,3845,3017,Boys,3
Ishin Women Red & Gold-Toned Hem Design Wide Leg Palazzos,1858,3018,Women,3
Shoe Couture Women White & Black Applique Detail Sneakers,6753,3019,Women,3
MIAH Decor Multicoloured Coffee Mugs Cum Serving Tea Cups Set,6227,3020,Unisex,3
Parx Men Red & Blue Slim Fit Checked Casual Shirt,2496,3021,Men,3
WITH Men Pack of 2 Printed Pure Cotton Boxers WB43-WB54,1999,3022,Men,3
PARFAIT Plus Size Red Lace Underwired Non Padded Everyday Bra P5392,1812,3023,Women,3
PARFAIT Plus Size Women Navy Blue  White Solid Bikini Briefs PP503,2721,3024,Women,3
HARBORNBAY Men Navy Blue & Grey Striped Henley Neck T-shirt,3294,3025,Men,3
Difference of Opinion Men Black Printed Round Neck T-shirt,2680,3026,Men,3
SPYKAR Women Blue Alicia Super Skinny Fit Low-Rise Clean Look Stretchable Cropped Jeans,4372,3027,Women,3
Parx Men Blue Slim Fit Self Design Regular Trousers,6991,3028,Men,3
Lady Lyka Women Beige and White Pack of 2 Everyday Bras SONAL-SKN-WHT-Multi,6097,3029,Women,3
Gini and Jony Boys Navy Blue Dyed Printed Round Neck T-shirt,1113,3030,Boys,3
Palm Tree Girls Cream-Coloured & Yellow Floral Print A-Line Dress with Belt,6565,3031,Girls,3
Raymond Men Grey Slim Fit Solid Formal Trousers,4461,3032,Men,3
JEWEL JUNCTION Gold-Toned Geometric Cufflinks,4449,3033,Men,3
Story@home Multicoloured Geometric 210TC Cotton 1 King Bedsheet with 2 Pillow Covers,3105,3034,Unisex,3
Palm Tree Boys White & Grey Printed Polo Collar T-shirt,1127,3035,Boys,3
SPYKAR Women Blue Elissa Bootcut High-Rise Clean Look Stretchable Ankle Jeans,6321,3036,Women,3
ID Men Beige Leather Derbys,6146,3037,Men,3
Keds Women Multicoloured Iridescent Effect Slip-On Sneakers,3348,3038,Women,3
Parx Men Blue Slim Fit Colourblocked Casual Shirt,1765,3039,Men,3
Parx Men Grey Solid Sweater,6782,3040,Men,3
Homesake Gold-Toned & Navy Blue Solid Handcrafted Table Lamp with Shade,1528,3041,Unisex,3
Parx Men Grey Slim Fit Printed Casual Shirt,1495,3042,Men,3
SEJ by Nisha Gupta Blue & Pink Printed Wooden Open Dry Bin,5651,3043,Unisex,3
Rozia Women Hair Dryer HC8307,2697,3044,Women,3
ID Men Olive Green Leather Derbys,4570,3045,Men,3
Gini and Jony Girls Blue Printed Round Neck T-shirt,1299,3046,Girls,3
her by invictus Women Red Cushioned Slip-Ons,2802,3047,Women,3
HARBORNBAY Women Red & Silver Printed Round Neck T-shirt,6587,3048,Women,3
Aj DEZInES Boys Red Printed Kurta with Pyjamas,1812,3049,Boys,3
Gini and Jony Boys Blue Regular Fit Mid-Rise Clean Look Stretchable Jeans,4654,3050,Boys,3
AccessHer Gold-Plated & Blue Geometric Drop Earrings,6978,3051,Women,3
Monte Carlo Women Navy Blue Skinny Fit Mid-Rise Clean Look Jeans,1550,3052,Women,3
Lady Lyka Women Pack of 2 Beginners Bras TEENAGER-SKN-BLK,4122,3053,Women,3
ID Men Tan Brown Comfort Sandals,3338,3054,Men,3
Parx Men Khaki Slim Fit Solid Regular Trousers,3897,3055,Men,3
PARFAIT Plus Size Nude-Coloured Solid Underwired Lightly Padded Balconette Bra P5011,5681,3056,Women,3
Lady Lyka Women Black and Beige Pack of 2 Everyday Bras MONALISA-BLK-SKN,5123,3057,Women,3
PARFAIT Plus Size Beige Solid Underwired Lightly Padded Plunge Bra P5490,2796,3058,Women,3
Gini and Jony Boys Blue Slim Fit Mid-Rise Clean Look Jeans,4019,3059,Boys,3
ahilya Imperial Filigree Collection Gold-Plated Sterling Silver Drop Earrings,1668,3060,Women,3
Parx Men White Printed Polo Collar T-shirt,2067,3061,Men,3
Parx Men Navy Blue Slim Fit Printed Casual Shirt,6057,3062,Men,3
SPYKAR Women Blue Alexa Super Skinny Fit High-Rise Clean Look Stretchable Jeans,4147,3063,Women,3
SEJ by Nisha Gupta Mustard & Blue Printed Wooden Open Dry Bin,6032,3064,Unisex,3
SEJ by Nisha Gupta Orange & Pink Printed Wooden Open Dry Bin,5608,3065,Unisex,3
Tokyo Talkies Women Teal Floral Printed Peplum Top,2694,3066,Women,3
JEWEL JUNCTION Silver-Toned Geometric Cufflinks,6046,3067,Men,3
Gini and Jony Girls Chambray Blue & White Printed Chambray Top with Shorts,2285,3068,Girls,3
Bvlgari Women Rose Goldea Eau De Perfume 90 ml,2539,3069,Women,3
Urban Dog Men Navy Blue Printed Regular Fit Sports Shorts,1589,3070,Men,3
HIGHLANDER Men Purple & Beige Slim Fit Printed Casual Shirt,5520,3071,Men,3
VASTRAMAY Boys Brown & Blue Solid Kurta with Churidar & Jacket,5545,3072,Boys,3
DKNY Unisex Black & Grey Printed Cabin Trolley Bag,2864,3073,Unisex,3
SEJ by Nisha Gupta Set of 4 Green & Blue Printed Table Placemats,3355,3074,Unisex,3
Palm Tree Girls Burgundy Printed Round Neck T-shirt,6244,3075,Girls,3
Bvlgari Splendida Women Rose Eau De Parfum 50 ml,3436,3076,Women,3
Parx Men Pink & Blue Striped Polo Collar T-shirt,2400,3077,Men,3
even Men Grey Woven Design Nehru Jacket,6476,3078,Men,3
PARFAIT Plus Size Beige Solid Underwired Lightly Padded T-shirt Bra 4812,3435,3079,Women,3
ID Men Tan Brown Solid Comfort Leather Sandals,2756,3080,Men,3
Parx Men White & Orange Slim Fit Checked Casual Shirt,6435,3081,Men,3
ether Women Maroon Solid Suede Finish Open Toe Flats,6032,3082,Women,3
Crimsoune Club Men Orange & White Slim Fit Checked Casual Shirt,6500,3083,Men,3
SEJ by Nisha Gupta Red & Blue Printed Wooden Open Dry Bin,2508,3084,Unisex,3
Urban Dog Men Navy Blue Solid Regular Fit Sports Shorts,6280,3085,Men,3
Carrera Men Grey Sneakers,1444,3086,Men,3
Aj DEZInES Boys Peach-Coloured & Brown Solid Kurta with Pyjamas,5078,3087,Boys,3
PARFAIT Plus Size Beige Solid Underwired Lightly Padded Everyday Bra 6901,4183,3088,Women,3
JEWEL JUNCTION Men Silver-Toned & Blue Geometric Cufflinks,3565,3089,Men,3
Gini and Jony Boys Grey & White Embroidered Round Neck T-shirt with Applique Detail,5796,3090,Boys,3
JEWEL JUNCTION Men Gold-Toned Geometric Cufflinks,3973,3091,Men,3
Homesake Gold-Toned & White Solid Handcrafted Table Lamp with Shade,3839,3092,Unisex,3
U.S. Polo Assn. Kids Boys Yellow Hooded Sweatshirt,6881,3093,Boys,3
HIGHLANDER Men White & Grey Slim Fit Striped Casual Shirt,1326,3094,Men,3
SEJ by Nisha Gupta Set of 4 Multicoloured Printed Table Placemats,4542,3095,Unisex,3
her by invictus Women Black Solid Cushioned Smart Casual Derbys,6100,3096,Women,3
Lakme 9To5 Eye Quartet Eyeshadow - Royal Peacock 7 g,5085,3097,Women,3
Homesake Gold-Toned & Red Solid Handcrafted Table Lamp with Shade,2780,3098,Unisex,3
SPYKAR Women Blue Adora Skinny Fit High-Rise Low Distressed Stretchable Ankle Jeans,4677,3099,Women,3
Russell Athletic Black Printed Hooded Sweatshirt,1998,3100,Women,3
Gini and Jony Girls Peach-Coloured & Blue Embroidered Top,2002,3101,Girls,3
Sera Women Green & Blue Printed Kurta with Palazzos,5968,3102,Women,3
MIMOSA Navy Blue & Red Art Silk Woven Design Kanjeevaram Saree,1484,3103,Women,3
Kazo Women Green Smocked Peplum Top,4820,3104,Women,3
Gini and Jony Girls Blue Regular Fit Mid-Rise Clean Look Stretchable Jeans,3658,3105,Girls,3
SEJ by Nisha Gupta Pink & Black Printed Wooden Open Dry Bin,3364,3106,Unisex,3
Goldea Edp 90Ml,3656,3107,Women,3
Vishudh Women Mustard Orange & Pink Floral Print Maxi Dress,5853,3108,Women,3
Gini and Jony Boys Navy Blue Regular Fit Mid-Rise Clean Look Stretchable Jeans,5060,3109,Boys,3
Puma Men Blue Sneakers,3038,3110,Men,3
Raymond Men Grey Solid Single-Breasted Formal Blazer,1617,3111,Men,3
ahilya Sterling Silver Bangle,6080,3112,Women,3
ID Men Tan Brown Leather Loafers,6802,3113,Men,3
MIAH Decor Brown Set of 3 Printed Ceramic Art Storage Jar,2995,3114,Unisex,3
ether Women Beige Solid Open Toe Flats,3539,3115,Women,3
Peter England Men Pink & Blue Striped Briefs PIWBPH9186011,4153,3116,Men,3
Campus Sutra Men Maroon Ombre-Dyed Henley Neck T-shirt,3225,3117,Men,3
Parx Men Cream-Coloured Tapered Fit Solid Regular Trousers,3592,3118,Men,3
Parx Men Blue Slim Fit Checked Casual Shirt,6244,3119,Men,3
AIGNER Men Blue Eau de Toilette 125 ml,1128,3120,Men,3
SPYKAR Women Black Alexa Super Skinny Fit High-Rise Clean Look Stretchable Ankle Jeans,4375,3121,Women,3
Campus Sutra Men Blue Colourblocked Round Neck T-shirt,3482,3122,Men,3
Campus Sutra Men Blue & Black Standard Regular Fit Checked Casual Shirt,2492,3123,Men,3
Gini and Jony Girls Red Printed Regular Fit Shorts,2259,3124,Girls,3
Gini and Jony Girls Peach-Coloured Embroidered Top,1146,3125,Girls,3
Soie Black Solid Non-Wired Non Padded Everyday Bra CB-332BLACK,6601,3126,Women,3
Parx Men Red & Black Slim Fit Printed Casual Shirt,5222,3127,Men,3
ether Women Green Solid Open Toe Flats,6552,3128,Women,3
Difference of Opinion Men Black Solid Round Neck T-shirt with Side Stripes,2449,3129,Men,3
Blackberrys Black Single-Breasted Slim Fit Formal Blazer,4786,3130,Men,3
Difference of Opinion Men Navy Blue Printed Round Neck T-shirt,4522,3131,Men,3
MIAH Decor Off-White & Green Set of 2 Handpainted Ceramic Coffee Mugs,2528,3132,Unisex,3
Campus Sutra Men Grey & Blue Regular Fit Checked Casual Shirt,6267,3133,Men,3
SEJ by Nisha Gupta Set of 6 Multicoloured Printed Table Placemats,2462,3134,Unisex,3
PARFAIT Plus Size Black Lace Underwired Non Padded Everyday Bra 3102,5053,3135,Women,3
Parx Men Red Slim Fit Checked Casual Shirt,1405,3136,Men,3
HIGHLANDER Men Navy Blue & Grey Slim Fit Striped Regular Trousers,3458,3137,Men,3
Story@home Beige Floral 210 TC Cotton 1 King Bedsheet with 2 Pillow Covers,5066,3138,Unisex,3
Parx Men Grey Striped Sweater,6486,3139,Men,3
Playdate Girls Black Striped Top,6047,3140,Girls,3
Parx Men Red & Navy Blue Slim Fit Checked Casual Shirt,2315,3141,Men,3
Difference of Opinion Men Olive Green Solid Round Neck T-shirt With Side Strip Detail,4216,3142,Men,3
Rocia Women Black & Silver-Toned Wedges,2074,3143,Women,3
DAVID BECKHAM Men Beyond Eau De Toilette 90 ml,4300,3144,Men,3
JEWEL JUNCTION Gold-Toned Rectangle Cufflinks,3180,3145,Men,3
ID Men Tan Brown Leather Sneakers,2159,3146,Men,3
JEWEL JUNCTION Silver-Toned Quirky Cufflinks,4467,3147,Men,3
SEJ by Nisha Gupta Green & Blue Printed Wooden Open Dry Bin,5449,3148,Unisex,3
MIAH Decor Multicoloured Kitchen Storage Jar with Lid,1945,3149,Unisex,3
AccessHer Gold-Plated Embellished Nose Ring with Chain,3514,3150,Women,3
Marvel by Wear Your Mind Boys White Printed Round Neck T-shirt,6854,3151,Boys,3
Palm Tree Boys Blue Regular Fit Washed Chambray Shirt,4701,3152,Boys,3
HIGHLANDER Men Coral & White Slim Fit Checked Casual Shirt,1066,3153,Men,3
Parx Men Mauve Slim Fit Printed Casual Shirt,3150,3154,Men,3
ID Men Black Solid Leather Thong Flip-Flops,5629,3155,Men,3
Park Avenue Women Blue Solid Single-Breasted Blazer,1280,3156,Women,3
Gini and Jony Girls Pink & White Printed Top,2434,3157,Girls,3
Difference of Opinion Men Grey Printed Round Neck T-shirt,1272,3158,Men,3
Gini and Jony Boys Black Slim Fit Printed Regular Trousers,4774,3159,Boys,3
HIGHLANDER Men White & Blue Slim Fit Checked Casual Shirt,6705,3160,Men,3
Parx Men Blue Slim Fit Checked Casual Shirt,6596,3161,Men,3
ID Men Navy Blue Solid Leather Mid-Top Sneakers,4913,3162,Men,3
Urban Dog Men Charcoal Printed Regular Fit Sports Shorts,5460,3163,Men,3
Annabelle By Pantaloons Off-White Sleeveless Top,6206,3164,Women,3
Park Avenue Men Red Solid Jacket,2914,3165,Men,3
Lady Lyka Women Fuschia and Turquoise Blue Pack of 2 T-shirt Bras HAPPY-MOODS-FCA-SKY,4404,3166,Women,3
AccessHer Women Gold-Plated American Diamond & Ruby Studded Jewelry Set,1606,3167,Women,3
Homesake Gold-Toned Solid Handcrafted Table Lamp with Shade,3168,3168,Unisex,3
Sera Women Sea Green & Maroon Printed Kurta with Palazzos,2669,3169,Women,3
ether Women Black Solid Slip-Ons,1609,3170,Women,3
SEJ by Nisha Gupta Set of 6 Yellow & Multicoloured Printed Table Placemats,2595,3171,Unisex,3
AccessHer Gold-Plated & Red Meenakari Maang Tika,1982,3172,Women,3
Sera Women Yellow & Off-White Printed Kurta with Palazzos,6129,3173,Women,3
TAYHAA Black & White Square Photo Frame,4588,3174,Unisex,3
Park Avenue Women Blue Solid A-Line Top,6922,3175,Women,3
her by invictus Women Pink Solid Cushioned Smart Casual Derbys,1925,3176,Women,3
Palm Tree Boys Off-White & Grey Printed Polo Collar T-shirt,2061,3177,Boys,3
berrytree Girls Pink A-Line Organic Cotton Sustainable Dress,5271,3178,Girls,3
SIMON CARTER LONDON Men Blue & Pink Slim Fit Printed Casual Shirt,3738,3179,Men,3
MIAH Decor Multicoloured Set Of 6 Printed Khullad Cups,6611,3180,Unisex,3
Parx Men Grey Solid Sweater,2133,3181,Men,3
DKNY Unisex Black Medium Trolley Bag,5800,3182,Unisex,3
Gini and Jony Boys Blue Slim Fit Mid-Rise Clean Look Stretchable Jeans,6621,3183,Boys,3
SEJ by Nisha Gupta Set of 4 Printed Table Placemats,6466,3184,Unisex,3
ID Men Black Leather Formal Slip-Ons,1223,3185,Men,3
Soie Women Black Slim Fit Striped Cigarette Trousers,4378,3186,Women,3
ID Men Brown Leather Loafers,3681,3187,Men,3
MIAH Decor Off-White & Navy Blue Set of 2 Handpainted Ceramic Coffee Mugs,3251,3188,Unisex,3
DKNY Unisex Purple Medium Trolley Bag,4688,3189,Unisex,3
EthnoVogue Women Coral Pink & Yellow Printed Made to Measure Printed Maxi Dress,3736,3190,Women,3
SPYKAR Women Blue Alicia Super Skinny Fit Low-Rise Low Distress Stretchable Jeans,1743,3191,Women,3
SEJ by Nisha Gupta Pink & Green Printed Wooden Open Dry Bin,4062,3192,Unisex,3
Vishudh Women Off-White & Brown Floral Printed Kurta,1950,3193,Women,3
Parx Men White Slim Fit Printed Casual Shirt,6329,3194,Men,3
Soie Nude-Coloured lace Underwired Non Padded full coverage Everyday Bra FB-610,5112,3195,Women,3
Parx Men Khaki Slim Fit Solid Regular Trousers,5399,3196,Men,3
Soie Green lace Underwired Non Padded full coverage Everyday Bra FB-610,6925,3197,Women,3
Gini and Jony Boys Rust Red & Navy Striped Round Neck T-shirt,5822,3198,Boys,3
Tokyo Talkies Women Mustard Solid Top,3306,3199,Women,3
Parx Men Blue Striped Polo Collar T-shirt,6915,3200,Men,3
DKNY Women Nectar Love Eau de Toilette 50 ml,4281,3201,Women,3
Raymond Men Maroon Slim Fit Solid Formal Shirt,3755,3202,Men,3
Campus Sutra Men Black & Grey Melange Printed Round Neck T-shirt,6437,3203,Men,3
Parx Men White Printed Round Neck T-shirt,5051,3204,Men,3
Vishudh Women Blue & White Floral Embroidered Straight Kurta,3365,3205,Women,3
FIDO DIDO Men Navy Blue Printed Polo Collar T-shirt,1614,3206,Men,3
Gini and Jony Boys Blue Regular Fit Solid Casual Shirt,1124,3207,Boys,3
her by invictus Women Black Textured Cushioned Flats,1697,3208,Women,3
Soie Nude Lace Non-Wired Non Padded full coverage Everyday Bra FB-705nude,1994,3209,Women,3
HIGHLANDER Men White & Blue Slim Fit Striped Casual Shirt,4279,3210,Men,3
ID Men Brown Solid Leather Mid-Top Sneakers,1210,3211,Men,3
Raymond Men Yellow Solid Polo Collar T-shirt,1563,3212,Men,3
PARFAIT Plus Size Black Solid Non-Wired Non Padded Everyday Bra P5641,2988,3213,Women,3
PARFAIT Plus Size Women Navy Blue Solid Low-Rise Hipsters P5395,3205,3214,Women,3
Beli Women Black & Blue Woven Design Heels,1148,3215,Women,3
Lady Lyka Women Pack of 2 Beginners Bras TEENAGER-RED-SKN,4424,3216,Women,3
Homesake Gold-Toned & White Solid Handcrafted Table Lamp with Shade,2387,3217,Unisex,3
HIGHLANDER Men Coral & Navy Blue Slim Fit Checked Casual Shirt,5336,3218,Men,3
Parx Men Grey Slim Fit Printed Casual Shirt,5342,3219,Men,3
Raymond Men Brown Self Design Polo Collar T-shirt,1420,3220,Men,3
Blackberrys Navy Single-Breasted Slim Fit Formal Blazer,1923,3221,Men,3
HIGHLANDER Men Rust Slim Fit Printed Casual Shirt,3259,3222,Men,3
SEJ by Nisha Gupta Set of 4 Printed Table Placemats,4217,3223,Unisex,3
ahilya Gold-Plated Sterling Silver Hoop Earrings,6668,3224,Women,3
Parx Men Blue Slim Fit Checked Casual Shirt,6762,3225,Men,3
Parx Men Peach-Coloured Solid Round Neck T-shirt,1957,3226,Men,3
DKNY Unisex Silver Cabin Trolley Bag,1369,3227,Unisex,3
Soie Maroon Lace Non-Wired Non Padded full coverage Everyday Bra FB-705,2321,3228,Women,3
Roadster Women Beige Woven Design One Toe Flats,3867,3229,Women,3
SPYKAR Women Blue Adora Skinny Fit Mid-Rise Low Distress Stretchable Ankle-Length Jeans,5008,3230,Women,3
Gini and Jony Boys White & Grey Dyed Round Neck T-shirt,6235,3231,Boys,3
Michael Kors Women Wonderlust Sensual Essence Eau De Parfum Spray 100 ml,3542,3232,Women,3
Homesake Gold-Toned & Navy Blue Solid Handcrafted Table Lamp with Shade,5364,3233,Unisex,3
Gini and Jony Girls Yellow & Grey Printed Top with Shorts,6107,3234,Girls,3
Story@home Off-White & Olive Green Floral 210 TC Cotton 1 KingBedsheet with 2 Pillow Covers,5420,3235,Unisex,3
Police Men Imperial Patchouli Eau de Toilette 100 ml,6828,3236,Men,3
Homesake Red & Gold-Toned Solid Handcrafted Table Lamp with Shade,3326,3237,Unisex,3
Brown Solid Casual Jacket,4653,3238,Men,3
JEWEL JUNCTION Gold-Toned Geometric Cufflinks,6690,3239,Men,3
Campus Sutra Men Grey & Black Standard Regular Fit Checked Casual Shirt,3292,3240,Men,3
Raymond Men Grey & Blue Striped Polo Collar T-shirt,1033,3241,Men,3
Parx Men Navy Blue & Green Slim Fit Printed Casual Shirt,3124,3242,Men,3
Nautica Men Voyage Sport Eau De Toilette 100 ml,4594,3243,Men,3
Gini and Jony Girls Yellow & Green Pure Cotton Printed Top,2358,3244,Girls,3
PARFAIT Plus Size Nude-Coloured Solid Underwired Lightly Padded Balconette Bra 4815,2631,3245,Women,3
Park Avenue Women Yellow & Red Printed Linen Sheath Dress,3523,3246,Women,3
PARFAIT Plus Size Black Solid Underwired Non Padded Everyday Bra P5412,2429,3247,Women,3
Raymond Men Grey Solid Woven Nehru Jacket,5746,3248,Men,3
Raymond Men Brown Self-Checked Single-Breasted Formal Suit,3927,3249,Men,3
SPYKAR Women Blue Alexa Super Skinny Fit High-Rise Clean Look Stretchable Jeans,3333,3250,Women,3
SEJ by Nisha Gupta Set of 6 Pink & Green Printed Table Placemats,3909,3251,Unisex,3
Jn Joy Navy Sheer Top,6202,3252,Women,3
SEJ by Nisha Gupta Set of 4 Multicoloured Printed Table Placemats,1777,3253,Unisex,3
PARFAIT Plus Size Maroon Solid Underwired Lightly Padded Plunge Bra 2801,3963,3254,Women,3
Qraa Men Set of 2 Intense Acne Clearing Face Wash 100gm each,6812,3255,Men,3
DKNY Unisex Black Solid Leather Backpack with Pouch,3695,3256,Unisex,3
Lady Lyka Women Black and Beige Pack of 2 Beginners Bras ATHLETE-SKN-BLK-Multi,5387,3257,Women,3
ahilya Oxidised Sterling Silver Ring,3203,3258,Women,3
BuckleUp Women Black Textured Belt,3966,3259,Women,3
Lady Lyka Women Pack of 2 Beginners Bras TEENAGER-FCA-SKN,2465,3260,Women,3
Tokyo Talkies Women Red Maxi Dress,4997,3261,Women,3
Marvel by Wear Your Mind Boys Black Printed Round Neck T-shirt,5075,3262,Boys,3
Bvlgari Men Black Eau De Toilette 40 ml,4232,3263,Men,3
THE SILHOUETTE STORE Women Black Solid Dhoti Jumpsuit with Belt,2775,3264,Women,3
Parx Men Brown Original Slim Fit Solid Regular Trousers,3182,3265,Men,3
Campus Sutra Men Blue Solid Round Neck T-shirt,3130,3266,Men,3
PARFAIT Plus Size Charcoal Grey Lace Detail Underwired Non Padded Everyday Bra P5022,4305,3267,Women,3
Gini and Jony Boys Navy Blue Slim Fit Solid Regular Trousers,4787,3268,Boys,3
Lady Lyka Women Black and Fuschia Pack of 2 Beginners Bras ATHLETE-BLK-FCA-Multi,4113,3269,Women,3
DKNY Unisex Purple Large Trolley Bag,6415,3270,Unisex,3
ID Men Brown Fisherman Leather Sandals,5551,3271,Men,3
Puma Men Navy Blue Sneakers,4665,3272,Men,3
HIGHLANDER Men Maroon Striped Round Neck T-shirt,2488,3273,Men,3
Russell Athletic Black Hooded Sweatshirt,1962,3274,Women,3
JEWEL JUNCTION Silver-Toned Geometric Cufflinks,6738,3275,Men,3
ID Men Brown Leather Oxfords,3286,3276,Men,3
Blackberrys Men Navy Blue Solid Chambray Slim-Fit Jacket,2818,3277,Men,3
DKNY Unisex Black Medium Trolley Bag,3879,3278,Unisex,3
Russell Athletic Grey Melange Hooded Sweatshirt,1844,3279,Women,3
Xpose Women Blue Camouflage Print Skinny Fit Regular Shorts,5612,3280,Women,3
Gini and Jony Girls Red & White Printed Regular Shorts,6068,3281,Girls,3
HIGHLANDER Men Navy Blue & Red Slim Fit Checked Casual Shirt,6253,3282,Men,3
ID Men Navy Blue Leather Derbys,5078,3283,Men,3
PARFAIT Plus Size Blue  Beige Lace Underwired Non Padded Everyday Bra P5392,4361,3284,Women,3
HIGHLANDER Men White & Navy Blue Slim Fit Printed Casual Shirt,5594,3285,Men,3
MIAH Decor Set Of 2 Printed Serving Bowl Set,3996,3286,Unisex,3
Sera Women Orange & White Printed Kurta with Palazzos,6625,3287,Women,3
Parx Men Maroon Slim Fit Printed Casual Shirt,4183,3288,Men,3
Parx Men Blue Slim Fit Printed Casual Shirt,6903,3289,Men,3
Gini and Jony Boys Blue Regular Fit Faded Chambray Casual Shirt,6261,3290,Boys,3
Homesake Gold-Toned & Navy Blue Solid Handcrafted Table Lamp with Shade,2596,3291,Unisex,3
Campus Sutra Men Blue & White Standard Regular Fit Dyed Casual Shirt,5871,3292,Men,3
Carrera Men Black Sneakers,3920,3293,Men,3
Homesake Gold-Toned & White Solid Handcrafted Table Lamp with Shade,1102,3294,Unisex,3
Puma Men Blue Sneakers,4902,3295,Men,3
SPYKAR Women Blue & White Striped Adora Skinny Fit Mid-Rise Clean Look Ankle Jeans,2921,3296,Women,3
DKNY Unisex Black & Grey Printed Large Trolley Bag,4028,3297,Unisex,3
Parx Men Pink Slim Fit Solid Casual Shirt,6576,3298,Men,3
Soie Black Solid Non-Wired Non Padded Maternity Bra CB-331,1588,3299,Women,3
Parx Men White Printed Round Neck T-shirt,4714,3300,Men,3
Soie Nude-Coloured Solid Non-Wired Non Padded Minimizer Bra,6222,3301,Women,3
Gini and Jony Boys Black & Grey Printed Polo Collar T-shirt,6658,3302,Boys,3
Sera Women Mustard Floral Printed Maxi Top,6013,3303,Women,3
DKNY Unisex Silver Medium Trolley Bag,4410,3304,Unisex,3
Campus Sutra Men Grey Dyed Henley Neck T-shirt,1068,3305,Men,3
Playdate Girls Black Striped Tank Top,5070,3306,Girls,3
ID Men Tan Brown Leather Formal Derbys,6362,3307,Men,3
AccessHer German Silver and Gold Plating Jewellery Set,2167,3308,Women,3
SEJ by Nisha Gupta Set of 4 Multicoloured Printed Table Placemats,2630,3309,Unisex,3
Soie Nude-Coloured Solid Non-Wired Non Padded Maternity Bra CB-331NUDE,2176,3310,Women,3
MBE Navy Blue & Gold-Toned Printed Dupatta,6178,3311,Women,3
PARFAIT Plus Size Women Black Solid Lace Detail Hipster Briefs P5395,6262,3312,Women,3
PARFAIT Plus Size Women Blue  Black Colourblocked Underwired Lightly Padded Sports Bra P5541,3968,3313,Women,3
Parx Men Brown Tapered Fit Solid Regular Trousers,2056,3314,Men,3
Story@home Cream-Coloured Abstract 210TC Cotton 1 King Bedsheet with 2 Pillow Covers,3358,3315,Unisex,3
Park Avenue Women Grey Sheath Dress,5133,3316,Women,3
HIGHLANDER Men Blue & White Slim Fit Colourblocked Casual Shirt,5801,3317,Men,3
SPYKAR Women White Adora Skinny Fit Mid-Rise Clean Look Stretchable Jeans,1715,3318,Women,3
SEJ by Nisha Gupta Set of 4 Multicoloured Printed Table Placemats,3842,3319,Unisex,3
Park Avenue Women Blue Solid Shirt Style Top,1289,3320,Women,3
Sweet Dreams Men Navy Blue Solid Straight-Fit Trackpants,1503,3321,Men,3
Lakme Absolute Matte Melt Liquid Lip Color Rhythmic Red 20,2638,3322,Women,3
HIGHLANDER Men Brown & Black Slim Fit Checked Casual Shirt,6833,3323,Men,3
ahilya Gold-Plated Sterling Silver Jhumka Earrings,2489,3324,Women,3
Gini and Jony Boys Brown Solid Regular Fit Shorts,5392,3325,Boys,3
SEJ by Nisha Gupta Set of 6 Green & Blue Printed Table Placemats,5372,3326,Unisex,3
SPYKAR Women Blue Alicia Super Skinny Fit Low-Rise Mildly Distressed Ankle-length Jeans,6352,3327,Women,3
PARFAIT Plus Size Women Beige Solid Hipster Briefs 4805,6354,3328,Women,3
PARFAIT Plus Size Women Black Lace Detail Solid Hipster Briefs 2803,2439,3329,Women,3
Vishudh Women Olive Green Floral Embroidered Straight Kurta,1794,3330,Women,3
ID Men Tan Brown Solid Comfort Leather Sandals,1635,3331,Men,3
Parx Men Blue Slim Fit Printed Casual Shirt,2646,3332,Men,3
Gini and Jony Boys Brown Solid Regular Fit Shorts,6985,3333,Boys,3
Gini and Jony Girls Black Solid Semi-Sheer Net A-Line Skirt,1396,3334,Girls,3
ID Men Brown Shoe-Style Leather Sandals,3864,3335,Men,3
Parx Men Blue Slim Fit Mid-Rise Clean Look Jeans,3944,3336,Men,3
her by invictus Women Tan Solid Cushioned Mules,1992,3337,Women,3
Parx Men Grey Checked Mandarin Collar T-shirt,4092,3338,Men,3
ID Men Blue Leather Sneakers,5145,3339,Men,3
SPYKAR Women Black Adora Skinny Fit Mid-Rise Clean Look Stretchable Ankle Jeans,1682,3340,Women,3
Lakme Absolute Matte Melt Liquid Lip Color 12 Natural Nude,3536,3341,Women,3
SEJ by Nisha Gupta Set of 6 Blue & Green Printed Table Placemats,6284,3342,Unisex,3
HIGHLANDER Men Blue & Black Slim Fit Printed Casual Shirt,5142,3343,Men,3
Campus Sutra Men Blue & Grey Regular Fit Checked Casual Shirt,6977,3344,Men,3
her by invictus Women Nude-Coloured Slip-On Cushioned Sneakers,6714,3345,Women,3
Parx Men White & Orange Slim Fit Checked Casual Shirt,2080,3346,Men,3
AccessHer Gold-Plated Enamelled Jewellery Set,4933,3347,Women,3
Urban Dog Men Charcoal Grey Printed Regular Fit Sports Shorts,3608,3348,Men,3
Puma Unisex Blue Sneakers,4237,3349,Unisex,3
her by invictus Women Charcoal Grey Cushioned Slip-Ons,2405,3350,Women,3
AccessHer Black & Gold-Plated Mangalsutra,4041,3351,Women,3
AccessHer Women Gold-Plated & Off-White Kundan & Pearl Embellished Maang Tikka,2368,3352,Women,3
Kenneth Cole Women Pink Solid Backpack,6676,3353,Women,3
Roadster Women Olive Green Solid One Toe Flats,5986,3354,Women,3
Beli Women Black Textured Heels,3818,3355,Women,3
Urban Dog Men White & Black Striped Boxers UDBX160,3257,3356,Men,3
MIAH Decor Beige & Black Set of 2 Handpainted Ceramic Coffee Mugs,6271,3357,Unisex,3
Russell Athletic Grey Melange Printed Sweatshirt,2746,3358,Women,3
Parx Men Blue Slim Fit Printed Casual Shirt,6094,3359,Men,3
SPYKAR Women Blue Alicia Super Skinny Fit Low-Rise Clean Look Ankle-Length Jeans,2292,3360,Women,3
Lakme Absolute Matte Melt Liquid Lip Color - 22 Pink Heels 6 ml,2203,3361,Women,3
Parx Men Blue & Off-White Slim Fit Printed Casual Shirt,3652,3362,Men,3
Sera Women Off-White & Black Printed Kurta with Palazzos,5246,3363,Women,3
Lady Lyka Women Pack of 2 Beginners Bras TEENAGER-FCA-PPL,6879,3364,Women,3
Parx Men Green Solid Polo Collar T-shirt,2586,3365,Men,3
Mast & Harbour Women Maroon Solid Open Toe Flats,2762,3366,Women,3
PARFAIT Plus Size Black  Grey Lace Underwired Non Padded Everyday Bra P5612,1650,3367,Women,3
Parx Men White & Blue Slim Fit Printed Casual Shirt,6875,3368,Men,3
MIAH Decor Blue & Beige Handpainted Mughal Art Large Storage Jar,4527,3369,Unisex,3
Sera Women Pink & Maroon A-Line Dress,3412,3370,Women,3
SEJ by Nisha Gupta Set of 6 Green & Pink Printed Table Placemats,1182,3371,Unisex,3
Campus Sutra Men Black & White Self Design Round Neck T-shirt,5507,3372,Men,3
JEWEL JUNCTION Gold-Toned Geometric Cufflinks,2154,3373,Men,3
SPYKAR Women Navy Blue Elissa Bootcut High-Rise Clean Look Stretchable Jeans,4678,3374,Women,3
Mast & Harbour Women Pink Solid Mules,5138,3375,Women,3
Parx Men Red & Navy Blue Slim Fit Checked Casual Shirt,1697,3376,Men,3
JEWEL JUNCTION Silver-Toned Geometric Cufflinks,5118,3377,Men,3
Campus Sutra Men Blue & White Standard Regular Fit Checked Casual Shirt,6534,3378,Men,3
AccessHer Gold-Plated Kundan-Studded Flower-Shaped Nosepin,6569,3379,Women,3
AccessHer Blue & Gold-Plated Enamelled Circular Drop Earrings,6386,3380,Women,3
ether Women Coffee Brown Solid Open Toe Flats,3656,3381,Women,3
JEWEL JUNCTION Gold-Toned Geometric Cufflinks,2469,3382,Men,3
DKNY Unisex Purple Cabin Trolley Bag,4367,3383,Unisex,3
MIAH Decor Brown Art Storage Jar,2335,3384,Unisex,3
Roadster Women Red Printed Sweatshirt,2169,3385,Women,3
ahilya Gold-Plated Sterling Silver Drop Earrings,4794,3386,Women,3
Parx Men Blue Slim Fit Checked Casual Shirt,5162,3387,Men,3
ID Men Tan Sandals,1489,3388,Men,3
Campus Sutra Men Blue Standard Regular Fit Checked Chambray Casual Shirt,6477,3389,Men,3
SPYKAR Women Blue Adora Skinny Fit Mid-Rise Mildly Distressed Stretchable Ankle Jeans,4692,3390,Women,3
Parx Men Green Slim Fit Checked Casual Shirt,6522,3391,Men,3
PARFAIT Plus Size Fuchsia Pink Lace Underwired Lightly Padded Plunge Bra P5351,4791,3392,Women,3
Campus Sutra Men Green Dyed Henley Neck T-shirt,6550,3393,Men,3
Parx Men White Printed Polo Collar T-shirt,4032,3394,Men,3
ahilya Gold-Plated Sterling Silver & Green Hoop Earrings,5697,3395,Women,3
Gini and Jony Boys Black & Grey Printed Polo Collar T-shirt,4776,3396,Boys,3
ahilya Dakshin Collection Gold-Plated Sterling Silver Hoop Earrings,3953,3397,Women,3
SEJ by Nisha Gupta Set of 4 Printed Table Placemats,6057,3398,Unisex,3
Park Avenue Women Blue Solid A-Line Top,5643,3399,Women,3
SEJ by Nisha Gupta Set of 4 Yellow & Blue Printed Table Placemats,5354,3400,Unisex,3
VASTRAMAY Boys Gold-Coloured & Maroon Solid Kurta with Churidar & Jacket,3459,3401,Boys,3
PARFAIT Plus Size Maroon Lace Underwired Lightly Padded Balconette Bra P5231,5167,3402,Women,3
SEJ by Nisha Gupta Set of 4 Multicoloured Printed Table Placemats,6088,3403,Unisex,3
Raymond Men Maroon Woven-Design Single-Breasted Bandhgala,2487,3404,Men,3
Raymond Men Blue Checked Single-Breasted Formal Suit,2053,3405,Men,3
AccessHer Handcrafted Rose Gold-Plated Jewellery Set,5069,3406,Women,3
Parx Men White Slim Fit Printed Casual Shirt,4765,3407,Men,3
JC Collection Women Mustard Yellow Lace Wrap Dress,6862,3408,Women,3
GUESS Girl Belle Eau de Toilette 100 ml,5095,3409,Women,3
Allen Solly Woman Women Navy Blue Regular Fit Printed Casual Shirt,3414,3410,Women,3
PARFAIT Plus Size Black Self Design Underwired Lightly Padded Plunge Bra P5411,6015,3411,Women,3
HIGHLANDER Men Black & Grey Slim Fit Checked Regular Trousers,4683,3412,Men,3
SEJ by Nisha Gupta Set of 6 Multicoloured Printed Table Placemats,6486,3413,Unisex,3
Homesake Gold-Toned & Navy Blue Solid Handcrafted Table Lamp with Shade,5968,3414,Unisex,3
SEJ by Nisha Gupta Pink & Blue Printed Wooden Open Dry Bin,4795,3415,Unisex,3
Soie Off-White Solid Non-Wired Non Padded Everyday Bra CB-332,4500,3416,Women,3
Lady Lyka Women Pack of 2 Beginners Bras TEENAGER-PPL-RED,3786,3417,Women,3
SPYKAR Women Blue Alexa Super Skinny Fit High-Rise Clean Look Stretchable Jeans,6820,3418,Women,3
Russell Athletic Black Sweatshirt,3723,3419,Women,3
Campus Sutra Men Grey Printed Round Neck T-shirt,6274,3420,Men,3
HARBORNBAY Women Navy Blue & White Striped Round Neck T-shirt,3852,3421,Women,3
JEWEL JUNCTION Men Gold-Toned Geometric Cufflinks,2728,3422,Men,3
Raymond Men Maroon Regular Fit Self Design Formal Shirt,6915,3423,Men,3
AccessHer Women Gold-Plated & Off-White Oxidised Stone & Pearl Embellished Nose Ring,5832,3424,Women,3
ahilya Gold-Plated Sterling Silver Drop Earrings,4484,3425,Women,3
SPYKAR Women Black Alexa Super Skinny Fit High-Rise Clean Look Stretchable Ankle Jeans,1060,3426,Women,3
Qraa Men Intense Acne Therapy Kit,1097,3427,Men,3
HIGHLANDER Men Navy Blue & White Slim Fit Printed Casual Shirt,4940,3428,Men,3
Campus Sutra Men Charcoal Grey & Black Colourblocked Round Neck T-shirt,1229,3429,Men,3
SEJ by Nisha Gupta Pink & Blue Printed Wooden Open Dry Bin,6903,3430,Unisex,3
PARFAIT Plus Size Mauve  Pink Printed Underwired Lightly Padded Plunge Bra 2801,3603,3431,Women,3
Parx Men Green Printed Polo Collar T-shirt,2760,3432,Men,3
JEWEL JUNCTION Silver-Toned Geometric Cufflinks,4979,3433,Men,3
Soie Nude-Coloured lace Underwired Non Padded full coverage Everyday Bra FB-610,4050,3434,Women,3
JEWEL JUNCTION Silver-Toned Geometric Cufflinks,1553,3435,Men,3
SEJ by Nisha Gupta Set of 4 Mustard & Green Printed Table Placemats,5974,3436,Unisex,3
Blackberrys Black Single-Breasted Linen Slim Ethnic Blazer,5988,3437,Men,3
ID Men Brown Formal Leather Derbys,4961,3438,Men,3
Gini and Jony Girls White & Pink Tie & Dye Kaftan Top,1936,3439,Girls,3
Homesake Gold-Toned Solid Handcrafted Table Lamp with Shade,6489,3440,Unisex,3
ID Men Black Solid Formal Leather Derbys,4017,3441,Men,3
Homesake Gold-Toned & Purple Solid Handcrafted Table Lamp with Shade,3289,3442,Unisex,3
PARFAIT Plus Size Women Black Solid Hipster Briefs 4803,3562,3443,Women,3
Park Avenue Women Blue Shirt Dress,2816,3444,Women,3
Lady Lyka Women Pink and Burgundy Pack of 2 Everyday Bras MONALISA-PNK-WHN-Multi,5873,3445,Women,3
SPYKAR Women Blue Elissa Bootcut High-Rise Clean Look Stretchable Ankle Jeans,1434,3446,Women,3
Gini and Jony Girls Pink Net Embroidered Fit & Flare Dress with Studded Detail,1363,3447,Girls,3
NEUDIS Grey Set of 2 Striped Square Cushion Covers,5494,3448,Unisex,3
PARFAIT Plus Size Women Charcoal Grey Solid Hipster Briefs P5025,3234,3449,Women,3
Gini and Jony Boys Black Solid Joggers with Printed Detail,6436,3450,Boys,3
PARFAIT Plus Size Pink  Grey Printed Underwired Lightly Padded Balconette Bra 6901,6942,3451,Women,3
MIAH Decor Red & Grey Art Storage Jar,3659,3452,Unisex,3
PARFAIT Plus Size Women Beige Lace Detail Solid Hipster Brief P5025,2291,3453,Women,3
AccessHer Gold-Plated & Off-White Kundan & Pearl Embellished Maang Tikka,3755,3454,Women,3
Gini and Jony Girls White & Pink Loose Fit Checked Culottes,5268,3455,Girls,3
Stylo Bug Girls Turquoise Blue Butterfly Print A-Line Dress,1150,3456,Girls,3
BuckleUp Women Multicoloured Printed Belt,5752,3457,Women,3
AccessHer Women Gold-Plated & Off-White Oxidised Kundan & Pearl Embellished Maang Tikka,2315,3458,Women,3
Gini and Jony Girls Blue Dyed Printed Round Neck T-shirt,1101,3459,Girls,3
Vishudh Women Pink & Orange Maxi Dress,6362,3460,Women,3
Parx Men Grey Slim Fit Printed Casual Shirt,1838,3461,Men,3
SPYKAR Women Blue Adora Skinny Fit Mid-Rise Clean Look Stretchable Jeans,4145,3462,Women,3
Parx Men Pink & Off-White Slim Fit Printed Casual Shirt,5768,3463,Men,3
AccessHer Pink & Gold-Plated Enamelled Geometric Drop Earrings,5163,3464,Women,3
Raymond Men Blue Solid Polo Collar T-shirt,3941,3465,Men,3
AccessHer Gold-Plated Meenakari Jewellery Set,6550,3466,Women,3
SEJ by Nisha Gupta Yellow & White Printed Wooden Open Dry Bin,6538,3467,Unisex,3
Vishudh Women Peach-Coloured Printed Straight Kurta,6335,3468,Women,3
StyleStone Women Cream-Coloured & Orange Printed Top,6584,3469,Women,3
AccessHer Gold-Plated & White Pearl Embellished Swan-Shaped Brooch,2863,3470,Women,3
SASSAFRAS Women Black Regular Fit Semi-Sheer Solid Jodhpuris,3762,3471,Women,3
HIGHLANDER Men Black & Grey Slim Fit Self Design Regular Trousers,5023,3472,Men,3
United Colors of Benetton Girls Black Floral Print Sheath Dress,4476,3473,Girls,3
Parx Men Khaki Tapered Fit Solid Regular Trousers,3911,3474,Men,3
Playdate Girls White & Navy Blue Solid A-Line Dress,1167,3475,Girls,3
Marvel by Wear Your Mind Boys Black Printed Round Neck T-shirt,4524,3476,Boys,3
Glam Jasmine Edp 50Ml,1390,3477,Women,3
Parx Men Blue Slim Fit Printed Casual Shirt,2654,3478,Men,3
Bvlgari Women Splendida Iris D'Or Eau De Parfum 50 ml,4784,3479,Women,3
Gini and Jony Boys Khaki Slim Fit Solid Regular Trousers,5091,3480,Boys,3
Blackberrys Men Charcoal Grey Single-Breasted Slim Fit Formal Blazer,4754,3481,Men,3
Lady Lyka Women Black and Beige Pack of 2 Everyday Bras SONAL-BLK-SKN-Multi,4536,3482,Women,3
Lady Lyka Women Pack of 2 Beginners Bras TEENAGER-BLK-RED,5541,3483,Women,3
Parx Men Blue Slim Fit Solid Casual Shirt,4687,3484,Men,3
Vishudh Women Blue Solid Straight Kurta,1695,3485,Women,3
Marvel by Wear Your Mind Boys White Printed Round Neck T-shirt,1238,3486,Boys,3
Marvel by Wear Your Mind Boys Red & Black Printed Round Neck T-shirt,3790,3487,Boys,3
Parx Men Navy Blue Slim Fit Printed Casual Shirt,2358,3488,Men,3
PARFAIT Plus Size White Solid Underwired Lightly Padded Everyday Bra P5011,6736,3489,Women,3
Peter England Men Set of 2 Briefs PIWBBKGM9016001,2720,3490,Men,3
Lady Lyka Women Maroon and Burgundy Pack of 2 Everyday Bras MONALISA-MRN-WHN-Multi,4550,3491,Women,3
Blackberrys Men Black Solid Quilted Jacket,6308,3492,Men,3
ID Men Black Formal Leather Oxfords,3961,3493,Men,3
Parx Men Pink Slim Fit Checked Casual Shirt,4582,3494,Men,3
MIAH Decor Orange & Brown Kitchen Storage Jar with Lid,2189,3495,Unisex,3
Bvlgari Women Splendida Jasmin Noir EDP 50 ml,4293,3496,Women,3
HIGHLANDER Men Blue & Grey Slim Fit Checked Regular Trousers,5285,3497,Men,3
Parx Men Blue Original Tapered Fit Solid Regular Trousers,1977,3498,Men,3
BuckleUp Women Brown Solid Belt,5081,3499,Women,3
Gini and Jony Boys Black Regular Fit Solid Chinos with Belt,2285,3500,Boys,3
U.S. Polo Assn. Kids Boys Yellow Hooded Sweatshirt,2632,3501,Boys,3
Raymond Men Blue Regular Fit Self Design Formal Shirt,1415,3502,Men,3
Parx Men Pink & Blue Striped Polo Collar T-shirt,2699,3503,Men,3
Parx Men Blue & Yellow Slim Fit Checked Casual Shirt,3602,3504,Men,3
Gini and Jony Boys Navy Blue Printed Round Neck T-shirt,5358,3505,Boys,3
Vishudh Women Pink & Red Floral Print Maxi Dress,5246,3506,Women,3
ahilya Sterling Silver Statement Ring,2288,3507,Women,3
ID Men Black Leather Formal Slip-Ons,1829,3508,Men,3
VLCC 7X Ultra Whitening and Brightening Charcoal Peel Off Mask 100 g,4012,3509,Unisex,3
SEJ by Nisha Gupta Set of 6 Multicoloured Printed Table Placemats,2637,3510,Unisex,3
Marvel by Wear Your Mind Boys Red & Black Printed Round Neck T-shirt,1593,3511,Boys,3
Police Men Frozen Eau De Toilette 100 ml,6984,3512,Men,3
Kazo Women Black Maxi Dress,3839,3513,Women,3
Homesake Gold-Toned & Blue Solid Handcrafted Table Lamp with Shade,2715,3514,Unisex,3
Urban Dog Men Charcoal Grey Solid Regular Fit Sports Shorts,1823,3515,Men,3
AccessHer Gold-Plated & Off-White Kundan & Pearl Embellished Maang Tikka,4967,3516,Women,3
Urban Dog Men Black Solid Regular Fit Sports Shorts,6058,3517,Men,3
Parx Men Brown Slim Fit Printed Casual Shirt,2856,3518,Men,3
Kook N Keech Disney Blue Printed Crop Jacket,2733,3519,Women,3
ROMEE Grey & Red Floral AC Room 300 GSM Double Bed Dohar,5038,3520,Unisex,3
Parx Men Blue Slim Fit Checked Casual Shirt,5597,3521,Men,3
JEWEL JUNCTION Silver-Toned Geometric Cufflinks,3899,3522,Men,3
Lady Lyka Women White and Fuschia Pack of 2 Beginners Bras ATHLETE-WHT-FCA-Multi,6297,3523,Women,3
HIGHLANDER Men Blue Slim Fit Printed Casual Shirt,4721,3524,Men,3
SHOWOFF Men Grey Printed Slim Fit Regular Shorts,1046,3525,Men,3
Gini and Jony Boys Navy Solid Regular Fit Reversible Shorts,5035,3526,Boys,3
Michael Kors Women Wonderlust Eau De Toilette 100 ml,2738,3527,Women,3
MBE Women Orange Checked Dupatta,3557,3528,Women,3
SEJ by Nisha Gupta Mustard Yellow & Blue Printed Wooden Open Dry Bin,3570,3529,Unisex,3
AccessHer Gold-Plated & Green Embellished Kundan Maang Tika,6357,3530,Women,3
Sera Women Navy Blue & Off-White Printed Kurta with Trousers,5852,3531,Women,3
Park Avenue Women Yellow Solid Top,1819,3532,Women,3
DKNY Women Be Tempted Eau De Parfum 50 ml,2767,3533,Women,3
Palm Tree Boys Red Printed Round Neck T-shirt,4424,3534,Boys,3
Parx Men Navy Blue Slim Fit Solid Regular Trousers,5108,3535,Men,3
Parx Men Pink Solid Polo Collar T-shirt,3407,3536,Men,3
Raymond Men Red Printed Sweatshirt,3565,3537,Men,3
ahilya Charcoal Grey Sterling Silver Drop Earrings,5026,3538,Women,3
Gini and Jony Boys Blue Regular Fit Mid-Rise Clean Look Stretchable Jeans,2056,3539,Boys,3
Parx Men Blue Slim Fit Printed Casual Shirt,6862,3540,Men,3
Soie Maroon Solid Non-Wired Non Padded Everyday Bra CB-329DEEP,5776,3541,Women,3
Parx Men Blue & Off-White Slim Fit Checked Casual Shirt,5699,3542,Men,3
Parx Men Blue Slim Fit Checked Casual Shirt,6663,3543,Men,3
Parx Men Blue Printed Polo Collar T-shirt,4146,3544,Men,3
Parx Men Blue Slim Fit Printed Casual Shirt,1206,3545,Men,3
Park Avenue Women Maroon Solid Sheath Dress,3692,3546,Women,3
AccessHer Gold-Plated & Red Enamelled Geometric Drop Earrings,2713,3547,Women,3
SEJ by Nisha Gupta Set of 4 Blue & Green Printed Table Placemats,6838,3548,Unisex,3
Story@home Green Floral 210 TC Cotton 1 King Bedsheet with 2 Pillow Covers,5127,3549,Unisex,3
Sera Women Maroon Solid Wrap Top,5448,3550,Women,3
Campus Sutra Men Black & Off-White Standard Regular Fit Checked Casual Shirt,3678,3551,Men,3
PARFAIT Plus Size Nude-Coloured Solid Underwired Lightly Padded T-shirt Bra P5441,3812,3552,Women,3
Parx Men Maroon Slim Fit Printed Casual Shirt,4018,3553,Men,3
her by invictus Women Beige & Brown Solid Cushioned Slip-On Shoes,4967,3554,Women,3
SEJ by Nisha Gupta Set of 4 Pink Printed Table Placemats,5133,3555,Unisex,3
ID Men Brown Comfort Sandals,5206,3556,Men,3
SEJ by Nisha Gupta Red & Black Printed Wooden Open Dry Bin,1100,3557,Unisex,3
Parx Men Blue Slim Fit Checked Casual Shirt,1840,3558,Men,3
Bubblegummers Girls Beige Embellished Open Toe Flats,5678,3559,Girls,3
JBN Creation Boys Green & Brown Sherwani Set,1032,3560,Boys,3
Gini and Jony Boys Navy Blue Printed Round Neck T-shirt,3792,3561,Boys,3
DKNY Unisex Silver-Toned Textured Cabin Trolley Bag,1102,3562,Unisex,3
PARFAIT Plus Size Beige Self Design Underwired Lightly Padded Plunge Bra,1084,3563,Women,3
JC Collection Women Black And Red Floral Printed Fit and Flare Dress,6409,3564,Women,3
Homesake Gold-Toned Solid Handcrafted Table Lamp with Shade,6237,3565,Unisex,3
Rozia Deep Professions Hair Curler HR783,2500,3566,Women,3
her by invictus Women Black Cushioned Slip-On Shoes,2123,3567,Women,3
Puma Unisex White Smash Perf Sneakers,6360,3568,Unisex,3
Hoopers Men Black Textured Mid-Top Sneakers,2309,3569,Men,3
Lady Lyka Women Red and White Pack of 2 Beginners Bras ATHLETE-RED-WHT-Multi,4319,3570,Women,3
Difference of Opinion Men Black & Grey Colourblocked Round Neck T-shirt,6365,3571,Men,3
Peter England Casuals Men Blue & White Slim Fit Printed Casual Shirt,1393,3572,Men,3
Lady Lyka Women Beige and Brown Pack of 2 Everyday Bras ENTIZER-11-SKN-BRN-Multi,5390,3573,Women,3
Bubblegummers Boys Purple Printed Sports Sandals,6944,3574,Boys,3
Parx Men Navy Blue & Green Slim Fit Printed Casual Shirt,1359,3575,Men,3
Honey by Pantaloons Women White Striped Shirt Style Top,6926,3576,Women,3
SPYKAR Women Blue Alexa Super Skinny Fit High-Rise Low Distress Stretchable Jeans,6877,3577,Women,3
SPYKAR Women Blue Adora Skinny Fit Mid-Rise Clean Look Stretchable Jeans,3702,3578,Women,3
Gini and Jony Girls White & Blue Printed A-Line Dress,3933,3579,Girls,3
HIGHLANDER Men Black Slim Fit Checked Regular Trousers,3573,3580,Men,3
HIGHLANDER Men Olive Green Striped Round Neck T-shirt,5023,3581,Men,3
MANGO Women Black Slim Fit Solid Cargos,4854,3582,Women,3
Difference of Opinion Men Mustard Yellow Solid Round Neck T-shirt With Side Strip Detail,3515,3583,Men,3
ID Men Black Solid Formal Leather Derbys,4736,3584,Men,3
Police Women Exotic Eau De Toilette 100 ml,3717,3585,Women,3
JEWEL JUNCTION Black Geometric Cufflinks,2965,3586,Men,3
Pink Cow Girls Blue Fit and Flare Dress,2143,3587,Girls,3
her by invictus Women Dark Brown Solid Cushioned Mules,5018,3588,Women,3
Raymond Men Blue Solid Polo Collar T-shirt,1178,3589,Men,3
Xpose Women Olive Green Camouflage Print Skinny Fit Regular Shorts,5185,3590,Women,3
Parx Men Blue Slim Fit Printed Casual Shirt,2706,3591,Men,3
Michael Kors Men Extreme Night Eau De Toilette Perfume 120 ml,4019,3592,Men,3
Campus Sutra Men Grey Solid Mandarin Collar T-shirt,4508,3593,Men,3
Crimsoune Club Men Navy Blue Slim Fit Mid-Rise Clean Look Jeans,6145,3594,Men,3
Parx Men Yellow Slim Fit Solid Casual Shirt,6884,3595,Men,3
Parx Men Blue Slim Fit Checked Casual Shirt,2959,3596,Men,3
PARFAIT Plus Size Off-White Lace Non-Wired Non Padded Bralette P5482,5128,3597,Women,3
Parx Men Purple Slim Fit Self Design Casual Shirt,6281,3598,Men,3
Gini and Jony Boys Black Regular Fit Solid Formal Trousers,2661,3599,Boys,3
Lakme Absolute Matte Melt Liquid Lip Color 13 Pink Silk,5082,3600,Women,3
HIGHLANDER Men Off-White & Yellow Slim Fit Checked Casual Shirt,5390,3601,Men,3
TAYHAA Black & White Square Photo Frame,6204,3602,Unisex,3
Shoe Couture Women Peach-Coloured Self-Striped Sneakers,2326,3603,Women,3
Spray Vaporisateur Women Edp 100Ml,6360,3604,Women,3
HIGHLANDER Men White & Blue Slim Fit Striped Casual Shirt,6816,3605,Men,3
DAVID BECKHAM Men Classic Blue Eau De Toilette 90ml,3196,3606,Men,3
JEWEL JUNCTION Men Silver-Toned Geometric Cufflinks,4848,3607,Men,3
Gini and Jony Girls Blue & White Printed Round Neck T-shirt,5509,3608,Girls,3
Homesake Gold-Toned & White Solid Handcrafted Table Lamp with Shade,5180,3609,Unisex,3
Rozia Hair Crimper Corn Styler HR780,3755,3610,Women,3
SHOWOFF Men Khaki Solid Slim Fit Regular Shorts,6933,3611,Men,3
Vishudh Women Coral Embroidered Kurta with Palazzos,2649,3612,Women,3
Parx Men Green Tapered Fit Solid Regular Trousers,2464,3613,Men,3
Blue Solid Pullover,2744,3614,Men,3
PARFAIT Plus Size Navy Blue Solid Non-Wired Non Padded Everyday Bra P5641,1046,3615,Women,3
Gini and Jony Boys Grey Solid Regular Fit Regular Shorts,2773,3616,Boys,3
Campus Sutra Men Black & Grey Melange Standard Regular Fit Colourblocked Casual Shirt,3661,3617,Men,3
ColorPlus Men Grey & Blue Regular Fit Checked Casual Shirt,6766,3618,Men,3
Urban Dog Men Grey Solid Regular Fit Sports Shorts,1103,3619,Men,3
PARFAIT Plus Size Women Burgundy Lace Boy Shorts 2805,6749,3620,Women,3
JEWEL JUNCTION Silver-Toned Geometric Cufflinks,6373,3621,Men,3
SEJ by Nisha Gupta Yellow & Pink Printed Wooden Open Dry Bin,6285,3622,Unisex,3
Ishin Women Pink & White Block Print Kurta with Palazzos,2957,3623,Women,3
FIDO DIDO Men Grey Colourblocked Polo Collar T-shirt,4605,3624,Men,3
DKNY Unisex Black Cabin Trolley Bag,6416,3625,Unisex,3
PARFAIT Plus Size Navy Blue  Grey Printed Underwired Non Padded Everyday Bra P5372,2092,3626,Women,3
Lady Lyka Women White and Black Pack of 2 Everyday Bras MONALISA-WHT-BLK-Multi,1132,3627,Women,3
Soie Green Lace Non-Wired Non Padded full coverage Everyday Bra FB-705 Green,6275,3628,Women,3
Homesake Gold-Toned & Green Solid Handcrafted Table Lamp with Shade,3450,3629,Unisex,3
Lady Lyka Women Pack of 2 Beginners Bras TEENAGER-PPL-SKN,4255,3630,Women,3
MIMOSA Beige Art Silk Woven Design Kanjeevaram Saree,4965,3631,Women,3
SPYKAR Women Blue Alexa Super Skinny Fit High-Rise Clean Look Stretchable Striped Jeans,4638,3632,Women,3
Tokyo Talkies Women Teal & Red Floral Print Maxi Dress,3111,3633,Women,3
Lady Lyka Women Beige and Burgundy Pack of 2 Everyday Bras ENTIZER-11-SKN-WHN-Multi,5399,3634,Women,3
VASTRAMAY Boys Gold-Toned Self Design Kurta with Churidar & Jacket,3720,3635,Boys,3
her by invictus Women Nude-Coloured Cushioned Monks,5364,3636,Women,3
Raymond Men Orange Solid Polo Collar T-shirt,5586,3637,Men,3
Vishudh Women Peach-Coloured Floral Print Fit and Flare Dress,4248,3638,Women,3
Parx Men Green Printed Round Neck T-shirt,6494,3639,Men,3
Campus Sutra Men White & Blue Regular Fit Colourblocked Casual Shirt,4712,3640,Men,3
ID Men Brown Leather Sneakers,5933,3641,Men,3
DOROTHY PERKINS Women Burgundy Solid A-Line Skirt,2971,3642,Women,3
HIGHLANDER Men Black Slim Fit Striped Regular Trousers,2422,3643,Men,3
JEWEL JUNCTION Gold-Toned Rectangle Cufflinks,2688,3644,Men,3
VASTRAMAY Men Coffee Brown Striped Straight Kurta,6571,3645,Men,3
AccessHer Gold-Plated & Green Embellished Goddess Lakshmi-Shaped Brooch,6133,3646,Women,3
Gini and Jony Boys Navy Blue Regular Fit Solid Casual Shirt,4726,3647,Boys,3
MIMOSA Coral Pink Poly Crepe Checked Kanjeevaram Saree,5693,3648,Women,3
MBE Black & Gold-Toned Printed Dupatta,1684,3649,Women,3
Homesake Gold-Toned & White Solid Handcrafted Table Lamp with Shade,3515,3650,Unisex,3
Gini and Jony Boys Rust Red & Navy Blue Striped Round Neck T-shirt with Applique Detail,1078,3651,Boys,3
HIGHLANDER Men Off-White & Grey Slim Fit Checked Regular Trousers,3726,3652,Men,3
DKNY Unisex Gold-Toned & White Striped Medium Trolley Bag,2087,3653,Unisex,3
Kenneth Cole Women Brown Solid Backpack,1567,3654,Women,3
Puma Unisex Black Sneakers,3695,3655,Unisex,3
Park Avenue Women Coral Solid A-Line Top,4596,3656,Women,3
Parx Men Blue Slim Fit Printed Casual Shirt,5023,3657,Men,3
SEJ by Nisha Gupta Set of 4 Turquoise Blue & Pink Printed Table Placemats,5095,3658,Unisex,3
Gini and Jony Girls White & Pink Cinched Waist Top,3844,3659,Girls,3
SEJ by Nisha Gupta Set of 6 Mustard & Pink Printed Table Placemats,2523,3660,Unisex,3
AccessHer Gold-Plated & Green Embellished Kundan & Enamel Maang Tika,4494,3661,Women,3
Parx Men Blue Slim Fit Checked Casual Shirt,3866,3662,Men,3
Parx Men Blue Tapered Fit Solid Regular Trousers,2951,3663,Men,3
Black Synthetic Sandals,3219,3664,Women,3
Gini and Jony Girls Peach-Coloured Embellished Top,1134,3665,Girls,3
Parx Men Pink Slim Fit Printed Casual Shirt,5950,3666,Men,3
Campus Sutra Men Black Solid Round Neck T-shirt,1165,3667,Men,3
MIAH Decor Set Of 5 Printed Handcrafted Kulladh Set,5457,3668,Unisex,3
SEJ by Nisha Gupta Pink & Orange Printed Wooden Open Dry Bin,1515,3669,Unisex,3
Gini and Jony Boys Black Embellished Classic Regular Fit Chino Shorts,3714,3670,Boys,3
Vishudh Women Black & Maroon Embroidered Straight Kurta,5030,3671,Women,3
Gini and Jony Boys Maroon Regular Fit Solid Casual Shirt,6924,3672,Boys,3
AccessHer Gold-Plated Stone-Studded Maang Tika,4486,3673,Women,3
Raymond Men Blue Solid Polo Collar T-shirt,5835,3674,Men,3
Story@home Pink Floral 210 TC Cotton 1 King Bedsheet with 2 Pillow Covers,6557,3675,Unisex,3
Lady Lyka Women Black and Burgundy Pack of 2 Everyday Bras MONALISA-WHN-BLK-Multi,2614,3676,Women,3
Gini and Jony Boys Khaki Regular Fit Solid Chinos,1928,3677,Boys,3
Parx Men Blue Slim Fit Solid Casual Shirt,2713,3678,Men,3
Parx Men Black Printed Round Neck T-shirt,5961,3679,Men,3
MBE Women Black & White Printed Dupatta,2926,3680,Women,3
Crew STREET Men White Perforated Mid-Top Sneakers,5775,3681,Men,3
Sera Women Off-White & Blue Printed Kurta with Palazzos,4995,3682,Women,3
Lakme Absolute Matte Melt Liquid Lip Color - 18 Coral Flip 6 ml,4594,3683,Women,3
Bhama Couture Women Mustard Yellow Solid A-Line Top,6158,3684,Women,3
Vishudh Women Pink Embroidered Straight Kurta,1699,3685,Women,3
Zippo Men Original Blue Tourquoise Edt 50 ml,3882,3686,Men,3
Homesake Gold-Toned & Green Solid Handcrafted Table Lamp with Shade,6734,3687,Unisex,3
PARFAIT Plus Size Navy Blue Lace Underwired Non Padded Everyday Bra P5632,6159,3688,Women,3
Homesake Gold-Toned & Peach-Coloured Solid Handcrafted Table Lamp with Shade,2741,3689,Unisex,3
Parx Men Maroon Self Design Pullover,1527,3690,Men,3
Park Avenue Women Black Sheath Dress,4547,3691,Women,3
MIMOSA Rust Red & Yellow Art Silk Woven Design Kanjeevaram Saree,5615,3692,Women,3
ID Men Tan Brown Solid Comfort Leather Sandals,3306,3693,Men,3
ID Men Black Solid Comfort Leather Sandals,6055,3694,Men,3
JEWEL JUNCTION Silver-Toned Geometric Cufflinks,5360,3695,Men,3
Campus Sutra Men Black & Grey Standard Regular Fit Striped Casual Shirt,4385,3696,Men,3
Campus Sutra Men Black Solid Henley Neck T-shirt,3691,3697,Men,3
SPYKAR Women Blue Adora Skinny Fit Mid-Rise Slash Knee Stretchable Ankle Jeans,3349,3698,Women,3
Puma Women Black Sneakers,1937,3699,Women,3
Parx Men Blue Striped Polo Collar T-shirt,6927,3700,Men,3
Urban Dog Men Navy Blue Striped Regular Fit Sports Shorts,3045,3701,Men,3
Gini and Jony Boys Navy Blue Slim Fit Printed Formal Trousers,3636,3702,Boys,3
PARFAIT Plus Size Pink  Black Solid Underwired Non Padded Everyday Bra P5522,2642,3703,Women,3
JEWEL JUNCTION Rose Gold-Toned Contemporary Cufflinks,3033,3704,Men,3
Raymond Men Blue Checked Polo Collar T-shirt,3459,3705,Men,3
Extreme Night Edt 70Ml,5816,3706,Men,3
Daffodils Girls White Printed Fit and Flare Dress,1956,3707,Girls,3
Homesake Gold-Toned & Green Solid Handcrafted Table Lamp with Shade,5265,3708,Unisex,3
SEJ by Nisha Gupta Set of 4 Blue & Pink Printed Table Placemats,6176,3709,Unisex,3
Campus Sutra Men Grey & Black Printed Round Neck T-shirt,3522,3710,Men,3
EthnoVogue Women Burgundy Solid Made to Measure Printed Cocktail Gown,5390,3711,Women,3
JEWEL JUNCTION Silver-Toned Geometric Cufflinks,2986,3712,Men,3
JEWEL JUNCTION Gold-Toned Geometric Cufflinks,3215,3713,Men,3
WITH Men Pack of 2 Printed Pure Cotton Boxers WB25-WB26,6786,3714,Men,3
berrytree Girls Pink A-Line Organic Cotton Sustainable Dress,4650,3715,Girls,3
SEJ by Nisha Gupta Set of 6 Multicoloured Printed Table Placemats,2746,3716,Unisex,3
PARFAIT Plus Size Burgundy Lace Underwired Lightly Padded Plunge Bra P5351,4661,3717,Women,3
GAS Men Maroon & Navy Blue Slim Fit Printed Casual Shirt,3435,3718,Men,3
Homesake Gold-Toned Solid Handcrafted Table Lamp with Shade,4151,3719,Unisex,3
HIGHLANDER Men Maroon & White Slim Fit Printed Casual Shirt,3864,3720,Men,3
ID Men Tan Leather Casual Shoes,1537,3721,Men,3
HIGHLANDER Men Black Slim Fit Striped Regular Trousers,5959,3722,Men,3
ahilya Gold-Plated Sterling Silver Drop Earrings,4489,3723,Women,3
Peter England Men Maroon Solid Briefs PIWBMR9166012,6781,3724,Men,3
PARFAIT Plus Size Nude-Coloured Striped Underwired Lightly Padded T-shirt Bra P5251,2251,3725,Women,3
ahilya Gold Plated Cut-Out Sterling Silver Drop Earrings,6104,3726,Women,3
Gini and Jony Girls Yellow Printed Top,6299,3727,Girls,3
Marvel by Wear Your Mind Boys Black Printed Round Neck T-shirt,2361,3728,Boys,3
aramis Men Classic Eau De Toilette Spray Concentree Perfume 110ml,2193,3729,Men,3
Vishudh Women Green & Mustard Yellow Printed Kurta with Palazzos,3172,3730,Women,3
Parx Men Peach-Coloured Solid Polo Collar T-shirt,1137,3731,Men,3
Park Avenue Women Grey Checked Pencil Skirt,6295,3732,Women,3
Gini and Jony Girls White & Blue Printed T-shirt with Shorts,4074,3733,Girls,3
Gini and Jony Girls Navy Blue Striped Denim Pinafore Dress,4307,3734,Girls,3
HIGHLANDER Men Green & White Slim Fit Checked Casual Shirt,6538,3735,Men,3
Homesake Gold-Toned & Green Solid Handcrafted Table Lamp with Shade,6616,3736,Unisex,3
Vishudh Women Off-White & Green Printed Straight Kurta,3177,3737,Women,3
PARFAIT Plus Size Beige Solid Underwired Non Padded Everyday Bra P5022,2383,3738,Women,3
VASTRAMAY Boys Cream-Coloured Self Design Kurta with Churidar & Jacket,1146,3739,Boys,3
Parx Men Blue Slim Fit Solid Casual Shirt,5576,3740,Men,3
Park Avenue Women Peach-Coloured Solid Top,1289,3741,Women,3
Raymond Men Green Solid Polo Collar T-shirt,3456,3742,Men,3
Homesake Gold-Toned Solid Handcrafted Table Lamp with Shade,6189,3743,Unisex,3
ether Women Cream-Coloured Solid Peep Toe Flats,1202,3744,Women,3
Puma Unisex Black TSUGI Cage Premium Puma-Whisper Wh,2305,3745,Unisex,3
Lakme Absolute Matte Melt Liquid Lip Colour 19 Red Vibe,6919,3746,Women,3
C9 AIRWEAR Women Coral-Coloured Solid Track Pants,1633,3747,Women,3
PARFAIT Plus Size Dusty Pink Solid Underwired Non Padded Everyday Bra P5412,3977,3748,Women,3
JEWEL JUNCTION Gold-Toned Geometric Cufflinks,5368,3749,Men,3
SPYKAR Women Blue Alicia Super Skinny Fit Low-Rise Clean Look Stretchable Ankle Jeans,6829,3750,Women,3
Lady Lyka Women Red and Beige Pack of 2 Beginners Bras ATHLETE-RED-SKN-Multi,4274,3751,Women,3
Campus Sutra Men Grey & White Standard Regular Fit Camouflage Print Casual Shirt,3612,3752,Men,3
DKNY Unisex Black Cabin Trolley Bag,2090,3753,Unisex,3
Bubblegummers Boys Pink Printed Comfort Sandals,5638,3754,Boys,3
her by invictus Women Red Solid Cushioned Mules,4889,3755,Women,3
JEWEL JUNCTION Black Geometric Cufflinks,1926,3756,Men,3
Parx Men Charcoal Grey Slim Fit Printed Casual Shirt,4306,3757,Men,3
DKNY Unisex Silver Large Trolley Bag,4183,3758,Unisex,3
Soie Off-White Solid Non-Wired Non Padded Minimizer Bra CB-333IVORY,6122,3759,Women,3
DKNY Unisex Black & Grey Printed Large Trolley Bag,3051,3760,Unisex,3
Raymond Men Brown Solid Polo Collar T-shirt,4219,3761,Men,3
Urban Dog Men Black Solid Regular Fit Sports Shorts,2557,3762,Men,3
Oxolloxo Women Pink Printed Top,4354,3763,Women,3
Black Slim Fit Mid-Rise Clean Look Jeans,4081,3764,Women,3
Homesake Gold-Toned Solid Handcrafted Table Lamp with Shade,4506,3765,Unisex,3
ID Men Blue Slip-On Leather Sneakers,6545,3766,Men,3
ID Men Brown Derbys,4732,3767,Men,3
Parx Men Grey Regular Fit Solid Regular Trousers,4511,3768,Men,3
AccessHer Gold-Plated Embellished Nose Ring with Chain,5519,3769,Women,3
Story@home Blue & Grey Geometric 210 TC Cotton 1 King Bedsheet with 2 Pillow Covers,6914,3770,Unisex,3
ID Men Tan Brown Leather Formal Derbys,2680,3771,Men,3
Gini and Jony Boys Red & Off-White Regular Fit Dyed Casual Shirt,4486,3772,Boys,3
ahilya Gold-Plated Sterling Silver Drop Earrings,3725,3773,Women,3
Homesake Gold-Toned & Purple Solid Handcrafted Table Lamp with Shade,1153,3774,Unisex,3
Lady Lyka Women Peach Pack of 2 Everyday Bras ENTIZER-11-PCH-PLM,1713,3775,Women,3
Homesake Gold-Toned & White Solid Handcrafted Table Lamp with Shade,6266,3776,Unisex,3
JEWEL JUNCTION Black Square Cufflinks,1695,3777,Men,3
Gini and Jony Girls Yellow Net Sequinned Fit & Flare Dress,6712,3778,Girls,3
Carrera Men Blue Sneakers,6892,3779,Men,3
SEJ by Nisha Gupta Green & Orange Printed Table Runner,4700,3780,Unisex,3
Parx Men Cream-Coloured Slim Fit Solid Casual Shirt,1125,3781,Men,3
Soumya Set of 6 Red & Off White Printed Diwan Set,6680,3782,Unisex,3
PARFAIT Plus Size Purple Lace Underwired Non Padded Everyday Bra P5612,4129,3783,Women,3
Park Avenue Men Grey Solid Bomber Jacket,4035,3784,Men,3
Kazo Women Grey Maxi Dress,3682,3785,Women,3
Crocs Kadee  Women Multicoloured Printed Slip-On,3410,3786,Women,3
Soumya Cream-Coloured & Green Set of 5 Floral Square Cushion Covers,2985,3787,Unisex,3
SEJ by Nisha Gupta Pink & Green Printed Table Runner,1281,3788,Unisex,3
Carlton London Women Dusty Pink Wrap Top,5752,3789,Women,3
HERE&NOW Men Teal Blue & Black Striped Round Neck T-shirt,2597,3790,Men,3
French Connection White & Blue Printed Casual Shirt,5595,3791,Men,3
Next Look Men Maroon Regular Fit Printed Casual Shirt,4584,3792,Men,3
XYXX Men Printed Pack of 2 Remix Pure Cotton Boxer XYBOX2PCKN154,2244,3793,Men,3
shaze Women Silver-Plated CZ-Studded Finger Ring,4831,3794,Women,3
Bitiya by Bhama Girls Blue Solid Chambray Fit and Flare Dress,5140,3795,Girls,3
Geox Men Burgundy Suede Loafers,2734,3796,Men,3
Tulsattva Women Brown & Red Solid Kurta with Palazzos,5176,3797,Women,3
HERE&NOW Women Teal Green Solid Crop Sweatshirt,2702,3798,Women,3
ExclusiveLane Brown Set of Single Geometric Square Cushion Covers,1239,3799,Unisex,3
Raymond Men Beige Nancy Regular Fit Self Design Formal Shirt,6102,3800,Men,3
Tulsattva Women Green Fit and Flare Dress,5046,3801,Women,3
Geox Men Black Solid Leather Smart Casual Driving Shoes,5465,3802,Men,3
SHISEIDO Scarlet Glare LacquerInk Lip Shine 307,2402,3803,Women,3
DressBerry Women Blue & Off-White Colourblocked Hooded Front-Open Sweatshirt,3731,3804,Women,3
Next Look Men Blue Slim Fit Solid Formal Shirt,6844,3805,Men,3
Soumya Yellow Set of 5 Floral Square Cushion Covers,4329,3806,Unisex,3
HERE&NOW Women Blue Solid Bomber Jacket,2773,3807,Women,3
Bitiya by Bhama Girls Red A-Line Dress,5027,3808,Girls,3
Next Look Men White Slim Fit Printed Casual Shirt,4527,3809,Men,3
Geox Women Beige Solid Leather Pumps,5713,3810,Women,3
DressBerry Women Maroon Solid Pullover Sweatshirt,4772,3811,Women,3
HERE&NOW Men Grey & Black Colourblocked Puffer Jacket,3226,3812,Men,3
Raymond Men Maroon Checked Regular-Fit Single-Breasted Formal Suit,2290,3813,Men,3
MSC Women Green Solid Leather Mojaris,1803,3814,Women,3
Rocia Women White Sneakers,2767,3815,Women,3
XYXX Men Printed Pack of 3 Remix Pure Cotton Boxer XYBOX3PCKN96,4654,3816,Men,3
XYXX Men IntelliSoft Antimicrobial Micro Modal Pack of 2 Illuminati Briefs XYBRF2PCKN281,6089,3817,Men,3
Anekaant Blue PrintedShoulder Bag,2658,3818,Women,3
Rocia Women Black & White Striped Heeled Sandals,6646,3819,Women,3
MBE Women Green & Yellow Printed Off-Shoulder Straight Kurta,1034,3820,Women,3
Crocs Santa Cruz  Men Black Solid Slip-Ons,1049,3821,Men,3
Soumya Orange & Black Set of 5 Geometric Square Cushion Covers,6534,3822,Unisex,3
Raymond Men Blue Regular Fit Solid Formal Shirt,5356,3823,Men,3
Next Look Men Blue Slim Fit Self Design Formal Shirt,4233,3824,Men,3
Carlton London Women Coral Orange Solid Cinched Waist Top,3025,3825,Women,3
HERE&NOW Men Black Solid Bomber Jacket,5669,3826,Men,3
XYXX Men Checkered Pack of 3 Checkmate Pure Cotton Boxer XYBOX3PCKN107,2657,3827,Men,3
SEJ by Nisha Gupta Mustard Orange & Red Printed Tissue Holder,5737,3828,Unisex,3
Park Avenue Men Pink Regular Fit Solid Formal Shirt,3328,3829,Men,3
SHISEIDO 01 Shibui Black Felt Tip Liquid ArchEyeliner 0.4ml,3048,3830,Women,3
SHISEIDO 05 White MicroLiner Ink 0.08 g,6496,3831,Women,3
Next Look Men Blue Regular Fit Solid Formal Shirt,4454,3832,Men,3
Geox Women Grey Solid Leather Ballerinas,6018,3833,Women,3
HERE&NOW Women Black Solid Hooded Longline Padded Jacket,5701,3834,Women,3
Geox Men Taupe Solid Suede Sneakers,1588,3835,Men,3
Soumya Brown & Beige Printed Double Bed Cover with 2 Pillow Covers,5422,3836,Unisex,3
MSC Women Cream-Coloured Solid Open Toe Flats,5018,3837,Women,3
Next Look Men Blue Printed Polo Collar T-shirt,1483,3838,Men,3
SHISEIDO 04 Navy MicroLiner Ink 0.08 gms,5231,3839,Women,3
Geox Women Black & Gold-Toned Printed Leather Ballerinas,3106,3840,Women,3
Tulsattva Women Blue Solid A-Line Kurta,4212,3841,Women,3
Geox Men Black Leather Formal Oxfords,5956,3842,Men,3
MSC Women Gold-Toned Embellished One Toe Flats,4694,3843,Women,3
Park Avenue Men Yellow & White Slim Fit Printed Casual Shirt,5103,3844,Men,3
SEJ by Nisha Gupta White Printed Table Placemat,6518,3845,Unisex,3
Puma Men White IGNITE Contender Knit Running Shoes,3422,3846,Men,3
Next Look Men Blue Slim Fit Self Design Formal Shirt,5020,3847,Men,3
HERE&NOW Women Red Solid Lightweight Puffer Jacket,3347,3848,Women,3
PUMA Grey Spray-Dyed Sweater,2539,3849,Men,3
MSC Women Gold-Toned Woven Design Open Toe Flats,5857,3850,Women,3
Park Avenue Men Peach-Coloured Slim Fit Self Design Party Shirt,2799,3851,Men,3
MBE Women Green Block Print Anarkali Kurta,4892,3852,Women,3
DressBerry Women Charcoal Grey & Maroon Colourblocked Sweatshirt,3902,3853,Women,3
DressBerry Women Black & Grey Colourblocked Hooded Sweatshirt,2451,3854,Women,3
Carlton London Women Green & Black Striped Wrap Top,5929,3855,Women,3
Next Look Men Burgundy Slim Fit Solid Formal Shirt,5659,3856,Men,3
Innisfree Unisex Green Tea Facial Mist 150 ml,1203,3857,Unisex,3
MSC Women Green Woven Design One Toe Flats,6270,3858,Women,3
Urban Dog Men Pack of 2 Assorted Printed Boxers UDBX70_UDBX71,3479,3859,Men,3
SHISEIDO 503 Nude Streak ModernMatte Powder Lipstick 4g,3015,3860,Women,3
SEJ by Nisha Gupta Pink & Blue Printed Table Runner,3250,3861,Unisex,3
SEJ by Nisha Gupta Green & Pink Printed Table Runner,4573,3862,Unisex,3
HERE&NOW Women Mustard Yellow Solid Bomber Jacket,1002,3863,Women,3
MSC Women Gold-Toned Woven Design One Toe Flats,3961,3864,Women,3
SEJ by Nisha Gupta Multicoloured Printed Table Placemat,5144,3865,Unisex,3
Geox Men Navy Blue Sneakers,2686,3866,Men,3
Next Look Men Blue Slim Fit Self Design Formal Shirt,3624,3867,Men,3
SEJ by Nisha Gupta Blue & Orange Printed Table Placemat,3542,3868,Unisex,3
SEJ by Nisha Gupta Green & Pink Printed Table Runner,6647,3869,Unisex,3
SHISEIDO 515 Mellow Drama ModernMatte Powder Lipstick 4g,4054,3870,Women,3
Next Look Men Blue Slim Fit Printed Formal Shirt,4749,3871,Men,3
SHISEIDO 05 Plum Blossom Kajal InkArtist Shadow Liner & Brow 0.8 gm,5644,3872,Women,3
SEJ by Nisha Gupta Pink & Green Printed Table Runner,6660,3873,Unisex,3
Geox Men Black Textured Leather Sneakers,5381,3874,Men,3
XYXX Men IntelliSoft Antimicrobial Micro Modal Pack of 3 Illuminati Briefs XYBRF3PCKN352,4061,3875,Men,3
SEJ by Nisha Gupta Multicoloured Printed Table Runner,4043,3876,Unisex,3
SHISEIDO 517 Rose Hip ModernMatte Powder Lipstick 4 g,6745,3877,Women,3
Wintage Men Blue Woven Design Nehru Jacket,1567,3878,Men,3
Wintage Men Black & Beige Printed Straight Kurta,6259,3879,Men,3
Geox Women White & Silver-Toned Colourblocked Leather Sneakers,3915,3880,Women,3
Next Look Men Blue Slim Fit Self Design Formal Shirt,6690,3881,Men,3
SHISEIDO Unisex Deep Cleansing Foam Face Wash 125 ml,5851,3882,Unisex,3
XYXX Men Printed Pack of 2 Remix Pure Cotton Boxer XYBOX2PCKN127,6908,3883,Men,3
Next Look Men Blue Slim Fit Self Design Formal Shirt,4910,3884,Men,3
SHISEIDO Unisex Clarifying Cleansing Foam Face Wash 125 ml,4550,3885,Unisex,3
HERE&NOW Women Black Solid Windcheater Hooded Parka Jacket,2443,3886,Women,3
ExclusiveLane Brown Set Of 4 Wooden Hand Carving Owl Motif Coaster Set,1322,3887,Unisex,3
Rocia Women Beige Solid Open Toe Flats,2673,3888,Women,3
LOCOMOTIVE Men Navy Blue & Grey Slim Fit Checked Casual Shirt,5133,3889,Men,3
Next Look Men Blue Slim Fit Self Design Casual Shirt,5610,3890,Men,3
XYXX Men IntelliSoft Antimicrobial Micro Modal Pack of 3 Illuminati Trunks XYTRNK3PCKN372,3372,3891,Men,3
HERE&NOW Women Black Solid Biker Jacket,1511,3892,Women,3
HERE&NOW Men Black & Red Colourblocked Reversible Varsity Jacket Jacket,1153,3893,Men,3
MSC Women Green Woven Design One Toe Flats,1163,3894,Women,3
Carlton London Women Navy Blue & White Checked A-Line Dress,1294,3895,Women,3
SEJ by Nisha Gupta Blue Printed Table Runner,6422,3896,Unisex,3
SHISEIDO 204 Scarlet Rush VisionAiry Gel Lipstick 1.6 g,4093,3897,Women,3
SHISEIDO Unisex Essential Energy Eye Definer 15ml,1385,3898,Unisex,3
Parx Men Blue Striped Polo Collar T-shirt,4756,3899,Men,3
Soumya Multicoloured Set of 5 Self Design Square Cushion Covers,5986,3900,Unisex,3
Carlton London Women Black Solid Maxi Dress,3292,3901,Women,3
Geox Women Black Solid Leather Pumps,4827,3902,Women,3
Bene Kleed Men Blue & Grey Slim Fit Self Design Casual Shirt,5760,3903,Men,3
Carlton London Women Mustard Yellow Lace Detail Solid Top,4160,3904,Women,3
Geox Women Black Solid Leather Open Toe Flats,6378,3905,Women,3
Kazo Women Orange Solid A-Line Top,5112,3906,Women,3
Park Avenue Men Yellow Solid Polo Collar T-shirt,2159,3907,Men,3
Carlton London Women Pink Striped Fit and Flare Dress,3954,3908,Women,3
HERE&NOW Women Black Solid Sweater,5364,3909,Women,3
Next Look Men Maroon Regular Fit Checked Formal Shirt,5390,3910,Men,3
Carlton London Women Black Solid A-Line Dress,1420,3911,Women,3
ExclusiveLane Green & Brown Mango Wood Antique Finish Wall Magazine Stand Organizer,5765,3912,Unisex,3
Geox Women Black Leather Sneakers,6890,3913,Women,3
HERE&NOW Women Mustard Brown & White Fair Isle Patterned Sweater,4739,3914,Women,3
Geox Men Red Sneakers,2797,3915,Men,3
HERE&NOW Women Off-White & Blue Self Design Sweater,2398,3916,Women,3
Carlton London Women Black Solid Top,5635,3917,Women,3
Park Avenue Men Orange Regular Fit Solid Formal Shirt,6416,3918,Men,3
Park Avenue Men Blue Regular Fit Mid-Rise Clean Look Jeans,1813,3919,Men,3
Next Look Men Blue Slim Fit Printed Formal Shirt,3123,3920,Men,3
Next Look Men Pink Slim Fit Solid Formal Shirt,5380,3921,Men,3
Next Look Men White & Purple Slim Fit Printed Formal Shirt,2776,3922,Men,3
XYXX Men Printed Pack of 2 Remix Pure Cotton Boxer XYBOX2PCKN126,6575,3923,Men,3
Park Avenue Men Blue Solid Polo Collar T-shirt,5353,3924,Men,3
HERE&NOW Women White & Grey Printed Bomber Jacket,3886,3925,Women,3
SHISEIDO 305 Red Flicker LacquerInk Lip Shine 6ml,1008,3926,Women,3
Varanga Women Pink Printed Straight Kurta,4671,3927,Women,3
Next Look Men Blue & White Slim Fit Printed Formal Shirt,5583,3928,Men,3
XYXX Men IntelliSoft Antimicrobial Micro Modal Pack of 2 Shuffle Trunks XYTRNK2PCKN228,2268,3929,Men,3
SHISEIDO 212 Woodblock VisionAiry Gel Lipstick 1.6 g,4956,3930,Women,3
SEJ by Nisha Gupta Multicoloured Printed Table Runner,3689,3931,Unisex,3
Next Look Men Blue Regular Fit Printed Formal Shirt,3989,3932,Men,3
Crocs Santa Cruz  Men Brown Solid Thong Flip-Flops,3760,3933,Men,3
Urban Dog Men Pack of 2 Assorted Printed Boxers UDBX143_UDBX157,5390,3934,Men,3
Park Avenue Men Blue Slim Fit Striped Formal Shirt,1273,3935,Men,3
Park Avenue Men Blue Regular Fit Self Design Formal Shirt,5982,3936,Men,3
Next Look Men White Slim Fit Solid Formal Shirt,1647,3937,Men,3
Raymond Men Blue Solid Regular-Fit Tuxedo Suit,6689,3938,Men,3
Park Avenue Men Grey Regular Fit Checked Formal Trousers,5229,3939,Men,3
Tokyo Talkies Women Teal Floral Printed A-Line Top,2565,3940,Women,3
XYXX Men Printed Pack of 2 Remix Pure Cotton Boxer XYBOX2PCKN158,2133,3941,Men,3
HERE&NOW Women Tan Brown Solid Biker Jacket,3082,3942,Women,3
Bitiya by Bhama Girls Mustard Embellished Top with Palazzos,3608,3943,Girls,3
Geox Men Coffee Brown Solid Leather Comfort Sandals,3207,3944,Men,3
Carlton London Women Blue & White Regular Fit Striped Parallel Trousers,4280,3945,Women,3
SHISEIDO 304 Techno Red LacquerInk Lip Shine 6 ml,4519,3946,Women,3
HERE&NOW Men Mustard Yellow & Black Colourblocked Puffer Jacket,3722,3947,Men,3
Next Look Men Blue Slim Fit Printed Formal Shirt,2647,3948,Men,3
DressBerry Women Pink Printed Hooded Sweatshirt,5782,3949,Women,3
XYXX Men IntelliSoft Antimicrobial Micro Modal Pack of 3 Illuminati Briefs XYBRF3PCKN346,5177,3950,Men,3
Wintage Men Black & Beige Printed Straight Kurta,1329,3951,Men,3
DKNY Women Navy-Blue Printed Toiletry Bag,2315,3952,Unisex,3
Next Look Men Blue Solid Polo Collar T-shirt,6269,3953,Men,3
Geox Men Black Leather Driving Shoes,1302,3954,Men,3
Park Avenue Men Yellow Solid Polo Collar T-shirt,1521,3955,Men,3
Next Look Men Navy Blue & Brown Slim Fit Self Design Casual Shirt,5229,3956,Men,3
Sera Women Black Solid Loose Fit Regular Shorts,5544,3957,Women,3
HERE&NOW Women Navy Blue Solid Padded Long-line Jacket,1077,3958,Women,3
HRX by Hrithik Roshan Boys Taupe Colourblocked Hooded Lifestyle Sweatshirt,4965,3959,Boys,3
Puma Men Black Sneakers,3877,3960,Men,3
MSC Women Cream-Coloured Solid Open Toe Flats,6438,3961,Women,3
Park Avenue Men White Printed Round Neck T-shirt,1241,3962,Men,3
Geox Women Beige & Black Textured Leather Ballerinas,1821,3963,Women,3
DressBerry Women Cream-Coloured Solid Sweatshirt,5555,3964,Women,3
Geox Men Grey Suede Leather Sneakers with Perforation Detail,1653,3965,Men,3
SEJ by Nisha Gupta Green & Pink Set,3834,3966,Unisex,3
SHISEIDO 216 Vortex VisionAiry Gel Lipstick 1.6g,6477,3967,Women,3
Carlton London Women Maroon Solid Maxi Dress,4137,3968,Women,3
Parx Men Khaki Tapered Fit Solid Regular Trousers,5501,3969,Men,3
Soumya Pink Printed Double Bed Cover with 2 Pillow Covers,2374,3970,Unisex,3
Park Avenue Men Navy Blue Regular Fit Checked Formal Trousers,6576,3971,Men,3
Avira Home Set of 6 Multicoloured Striped Kitchen Towels,3315,3972,Unisex,3
MSC Women Tan Brown Solid One Toe Flats,1103,3973,Women,3
Soumya Red & White Set of 5 Self Design Square Cushion Covers,6599,3974,Unisex,3
Force 10 Men White Leather Running Shoes,1822,3975,Men,3
Next Look Men Grey & White Slim Fit Printed Casual Shirt,4776,3976,Men,3
Park Avenue Men Grey Slim Fit Checked Formal Shirt,2507,3977,Men,3
HERE&NOW Men Navy Blue Solid Bomber,2012,3978,Men,3
Next Look Men White Slim Fit Self Design Formal Shirt,4063,3979,Men,3
HERE&NOW Women Black Solid Bomber Jacket,3416,3980,Women,3
HERE&NOW Men Rust Red & Black Colourblocked Puffer Jacket,5593,3981,Men,3
Park Avenue Women Blue Printed Shirt Style Top,3404,3982,Women,3
SHISEIDO 501 Jazz Den ModernMatte Powder Lipstick 4g,1277,3983,Women,3
SHISEIDO Unisex Treatment Softener enriched 150 ml,1569,3984,Unisex,3
Set of 5 Digital Printed Cushion Covers,4677,3985,Unisex,3
XYXX Men IntelliSoft Antimicrobial Micro Modal Pack of 3 Illuminati Briefs XYBRF3PCKN350,3940,3986,Men,3
Force 10 Men Blue Sneakers,1301,3987,Women,3
SHISEIDO 03 Plum MicroLiner Ink Eyeliner 0.08gms,2802,3988,Women,3
